Fecha Emisión :17/03/2026 - 21:41;
Trading day;Product;Place of delivery;Area;First Day Delivery;Last Day Delivery;"MIBGAS Daily Price [EUR/MWh]";
17/03/2026;GDAES_D+1;PVB;ES;18/03/2026;18/03/2026;50.75;
17/03/2026;GMAES;PVB;ES;01/04/2026;30/04/2026;50.87;
17/03/2026;GQES_Q+1;PVB;ES;01/04/2026;30/06/2026;50.55;
17/03/2026;GYES_Y+1;PVB;ES;01/01/2027;31/12/2027;37.93;
16/03/2026;GDAES_D+1;PVB;ES;17/03/2026;17/03/2026;49.28;
16/03/2026;GMAES;PVB;ES;01/04/2026;30/04/2026;50.17;
16/03/2026;GQES_Q+1;PVB;ES;01/04/2026;30/06/2026;49.83;
16/03/2026;GYES_Y+1;PVB;ES;01/01/2027;31/12/2027;37.16;
15/03/2026;GDAES_D+1;PVB;ES;16/03/2026;16/03/2026;51.01;
14/03/2026;GDAES_D+1;PVB;ES;15/03/2026;15/03/2026;52.07;
13/03/2026;GDAES_D+1;PVB;ES;14/03/2026;14/03/2026;48.74;
13/03/2026;GMAES;PVB;ES;01/04/2026;30/04/2026;49.13;
13/03/2026;GQES_Q+1;PVB;ES;01/04/2026;30/06/2026;48.75;
13/03/2026;GYES_Y+1;PVB;ES;01/01/2027;31/12/2027;36.12;
12/03/2026;GDAES_D+1;PVB;ES;13/03/2026;13/03/2026;48.73;
12/03/2026;GMAES;PVB;ES;01/04/2026;30/04/2026;49.98;
12/03/2026;GQES_Q+1;PVB;ES;01/04/2026;30/06/2026;49.5;
12/03/2026;GYES_Y+1;PVB;ES;01/01/2027;31/12/2027;36.2;
11/03/2026;GDAES_D+1;PVB;ES;12/03/2026;12/03/2026;48.62;
11/03/2026;GMAES;PVB;ES;01/04/2026;30/04/2026;49;
11/03/2026;GQES_Q+1;PVB;ES;01/04/2026;30/06/2026;48.36;
11/03/2026;GYES_Y+1;PVB;ES;01/01/2027;31/12/2027;35.11;
10/03/2026;GDAES_D+1;PVB;ES;11/03/2026;11/03/2026;46.47;
10/03/2026;GMAES;PVB;ES;01/04/2026;30/04/2026;47.21;
10/03/2026;GQES_Q+1;PVB;ES;01/04/2026;30/06/2026;46.7;
10/03/2026;GYES_Y+1;PVB;ES;01/01/2027;31/12/2027;34.74;
09/03/2026;GDAES_D+1;PVB;ES;10/03/2026;10/03/2026;56.04;
09/03/2026;GMAES;PVB;ES;01/04/2026;30/04/2026;55.73;
09/03/2026;GQES_Q+1;PVB;ES;01/04/2026;30/06/2026;55.5;
09/03/2026;GYES_Y+1;PVB;ES;01/01/2027;31/12/2027;39.01;
08/03/2026;GDAES_D+1;PVB;ES;09/03/2026;09/03/2026;60.41;
07/03/2026;GDAES_D+1;PVB;ES;08/03/2026;08/03/2026;52.91;
06/03/2026;GDAES_D+1;PVB;ES;07/03/2026;07/03/2026;52.24;
06/03/2026;GMAES;PVB;ES;01/04/2026;30/04/2026;52.5;
06/03/2026;GQES_Q+1;PVB;ES;01/04/2026;30/06/2026;51.01;
06/03/2026;GYES_Y+1;PVB;ES;01/01/2027;31/12/2027;35;
05/03/2026;GDAES_D+1;PVB;ES;06/03/2026;06/03/2026;50.58;
05/03/2026;GMAES;PVB;ES;01/04/2026;30/04/2026;49.73;
05/03/2026;GQES_Q+1;PVB;ES;01/04/2026;30/06/2026;48.48;
05/03/2026;GYES_Y+1;PVB;ES;01/01/2027;31/12/2027;31.1;
04/03/2026;GDAES_D+1;PVB;ES;05/03/2026;05/03/2026;49.1;
04/03/2026;GMAES;PVB;ES;01/04/2026;30/04/2026;47.48;
04/03/2026;GQES_Q+1;PVB;ES;01/04/2026;30/06/2026;46.5;
04/03/2026;GYES_Y+1;PVB;ES;01/01/2027;31/12/2027;30.51;
03/03/2026;GDAES_D+1;PVB;ES;04/03/2026;04/03/2026;54.18;
03/03/2026;GMAES;PVB;ES;01/04/2026;30/04/2026;52.06;
03/03/2026;GQES_Q+1;PVB;ES;01/04/2026;30/06/2026;50.56;
03/03/2026;GYES_Y+1;PVB;ES;01/01/2027;31/12/2027;30.56;
02/03/2026;GDAES_D+1;PVB;ES;03/03/2026;03/03/2026;42.92;
02/03/2026;GMAES;PVB;ES;01/04/2026;30/04/2026;43.03;
02/03/2026;GQES_Q+1;PVB;ES;01/04/2026;30/06/2026;41.8;
02/03/2026;GYES_Y+1;PVB;ES;01/01/2027;31/12/2027;28.13;
01/03/2026;GDAES_D+1;PVB;ES;02/03/2026;02/03/2026;39.9;
28/02/2026;GDAES_D+1;PVB;ES;01/03/2026;01/03/2026;33.61;
27/02/2026;GDAES_D+1;PVB;ES;28/02/2026;28/02/2026;30.29;
27/02/2026;GMAES;PVB;ES;01/03/2026;31/03/2026;30.6;
27/02/2026;GQES_Q+1;PVB;ES;01/04/2026;30/06/2026;29.04;
27/02/2026;GYES_Y+1;PVB;ES;01/01/2027;31/12/2027;24.99;
26/02/2026;GDAES_D+1;PVB;ES;27/02/2026;27/02/2026;30.11;
26/02/2026;GMAES;PVB;ES;01/03/2026;31/03/2026;30.29;
26/02/2026;GQES_Q+1;PVB;ES;01/04/2026;30/06/2026;30.19;
26/02/2026;GYES_Y+1;PVB;ES;01/01/2027;31/12/2027;26.6;
25/02/2026;GDAES_D+1;PVB;ES;26/02/2026;26/02/2026;29.31;
25/02/2026;GMAES;PVB;ES;01/03/2026;31/03/2026;28.85;
25/02/2026;GQES_Q+1;PVB;ES;01/04/2026;30/06/2026;29.13;
25/02/2026;GYES_Y+1;PVB;ES;01/01/2027;31/12/2027;26.2;
24/02/2026;GDAES_D+1;PVB;ES;25/02/2026;25/02/2026;29.24;
24/02/2026;GMAES;PVB;ES;01/03/2026;31/03/2026;28.65;
24/02/2026;GQES_Q+1;PVB;ES;01/04/2026;30/06/2026;28.79;
24/02/2026;GYES_Y+1;PVB;ES;01/01/2027;31/12/2027;26.2;
23/02/2026;GDAES_D+1;PVB;ES;24/02/2026;24/02/2026;29.95;
23/02/2026;GMAES;PVB;ES;01/03/2026;31/03/2026;29.43;
23/02/2026;GQES_Q+1;PVB;ES;01/04/2026;30/06/2026;29.71;
23/02/2026;GYES_Y+1;PVB;ES;01/01/2027;31/12/2027;26.7;
22/02/2026;GDAES_D+1;PVB;ES;23/02/2026;23/02/2026;29.35;
21/02/2026;GDAES_D+1;PVB;ES;22/02/2026;22/02/2026;29.59;
20/02/2026;GDAES_D+1;PVB;ES;21/02/2026;21/02/2026;30.15;
20/02/2026;GMAES;PVB;ES;01/03/2026;31/03/2026;29.68;
20/02/2026;GQES_Q+1;PVB;ES;01/04/2026;30/06/2026;29.28;
20/02/2026;GYES_Y+1;PVB;ES;01/01/2027;31/12/2027;26.45;
19/02/2026;GDAES_D+1;PVB;ES;20/02/2026;20/02/2026;31.49;
19/02/2026;GMAES;PVB;ES;01/03/2026;31/03/2026;31;
19/02/2026;GQES_Q+1;PVB;ES;01/04/2026;30/06/2026;30.59;
19/02/2026;GYES_Y+1;PVB;ES;01/01/2027;31/12/2027;27.05;
18/02/2026;GDAES_D+1;PVB;ES;19/02/2026;19/02/2026;29.7;
18/02/2026;GMAES;PVB;ES;01/03/2026;31/03/2026;29.1;
18/02/2026;GQES_Q+1;PVB;ES;01/04/2026;30/06/2026;28.78;
18/02/2026;GYES_Y+1;PVB;ES;01/01/2027;31/12/2027;26;
17/02/2026;GDAES_D+1;PVB;ES;18/02/2026;18/02/2026;28.23;
17/02/2026;GMAES;PVB;ES;01/03/2026;31/03/2026;27.89;
17/02/2026;GQES_Q+1;PVB;ES;01/04/2026;30/06/2026;27.48;
17/02/2026;GYES_Y+1;PVB;ES;01/01/2027;31/12/2027;25.4;
16/02/2026;GDAES_D+1;PVB;ES;17/02/2026;17/02/2026;29.29;
16/02/2026;GMAES;PVB;ES;01/03/2026;31/03/2026;28.73;
16/02/2026;GQES_Q+1;PVB;ES;01/04/2026;30/06/2026;27.98;
16/02/2026;GYES_Y+1;PVB;ES;01/01/2027;31/12/2027;25.7;
15/02/2026;GDAES_D+1;PVB;ES;16/02/2026;16/02/2026;31.03;
14/02/2026;GDAES_D+1;PVB;ES;15/02/2026;15/02/2026;30.85;
13/02/2026;GDAES_D+1;PVB;ES;14/02/2026;14/02/2026;30.82;
13/02/2026;GMAES;PVB;ES;01/03/2026;31/03/2026;30.13;
13/02/2026;GQES_Q+1;PVB;ES;01/04/2026;30/06/2026;28.68;
13/02/2026;GYES_Y+1;PVB;ES;01/01/2027;31/12/2027;25.95;
12/02/2026;GDAES_D+1;PVB;ES;13/02/2026;13/02/2026;31.19;
12/02/2026;GMAES;PVB;ES;01/03/2026;31/03/2026;30.43;
12/02/2026;GQES_Q+1;PVB;ES;01/04/2026;30/06/2026;28.79;
12/02/2026;GYES_Y+1;PVB;ES;01/01/2027;31/12/2027;26;
11/02/2026;GDAES_D+1;PVB;ES;12/02/2026;12/02/2026;30.87;
11/02/2026;GMAES;PVB;ES;01/03/2026;31/03/2026;29.85;
11/02/2026;GQES_Q+1;PVB;ES;01/04/2026;30/06/2026;28.48;
11/02/2026;GYES_Y+1;PVB;ES;01/01/2027;31/12/2027;25.75;
10/02/2026;GDAES_D+1;PVB;ES;11/02/2026;11/02/2026;30.18;
10/02/2026;GMAES;PVB;ES;01/03/2026;31/03/2026;29.68;
10/02/2026;GQES_Q+1;PVB;ES;01/04/2026;30/06/2026;28.36;
10/02/2026;GYES_Y+1;PVB;ES;01/01/2027;31/12/2027;25.55;
09/02/2026;GDAES_D+1;PVB;ES;10/02/2026;10/02/2026;31.95;
09/02/2026;GMAES;PVB;ES;01/03/2026;31/03/2026;31.24;
09/02/2026;GQES_Q+1;PVB;ES;01/04/2026;30/06/2026;29.13;
09/02/2026;GYES_Y+1;PVB;ES;01/01/2027;31/12/2027;26.05;
08/02/2026;GDAES_D+1;PVB;ES;09/02/2026;09/02/2026;33.75;
07/02/2026;GDAES_D+1;PVB;ES;08/02/2026;08/02/2026;33.27;
06/02/2026;GDAES_D+1;PVB;ES;07/02/2026;07/02/2026;34.26;
06/02/2026;GMAES;PVB;ES;01/03/2026;31/03/2026;33.29;
06/02/2026;GQES_Q+1;PVB;ES;01/04/2026;30/06/2026;29.83;
06/02/2026;GYES_Y+1;PVB;ES;01/01/2027;31/12/2027;26.2;
05/02/2026;GDAES_D+1;PVB;ES;06/02/2026;06/02/2026;32.19;
05/02/2026;GMAES;PVB;ES;01/03/2026;31/03/2026;31.65;
05/02/2026;GQES_Q+1;PVB;ES;01/04/2026;30/06/2026;29.28;
05/02/2026;GYES_Y+1;PVB;ES;01/01/2027;31/12/2027;25.8;
04/02/2026;GDAES_D+1;PVB;ES;05/02/2026;05/02/2026;32.4;
04/02/2026;GMAES;PVB;ES;01/03/2026;31/03/2026;31.3;
04/02/2026;GQES_Q+1;PVB;ES;01/04/2026;30/06/2026;29.03;
04/02/2026;GYES_Y+1;PVB;ES;01/01/2027;31/12/2027;25.9;
03/02/2026;GDAES_D+1;PVB;ES;04/02/2026;04/02/2026;31.72;
03/02/2026;GMAES;PVB;ES;01/03/2026;31/03/2026;30.85;
03/02/2026;GQES_Q+1;PVB;ES;01/04/2026;30/06/2026;28.58;
03/02/2026;GYES_Y+1;PVB;ES;01/01/2027;31/12/2027;25.4;
02/02/2026;GDAES_D+1;PVB;ES;03/02/2026;03/02/2026;33.45;
02/02/2026;GMAES;PVB;ES;01/03/2026;31/03/2026;31.52;
02/02/2026;GQES_Q+1;PVB;ES;01/04/2026;30/06/2026;28.43;
02/02/2026;GYES_Y+1;PVB;ES;01/01/2027;31/12/2027;25.55;
01/02/2026;GDAES_D+1;PVB;ES;02/02/2026;02/02/2026;40.19;
31/01/2026;GDAES_D+1;PVB;ES;01/02/2026;01/02/2026;41.06;
30/01/2026;GDAES_D+1;PVB;ES;31/01/2026;31/01/2026;39.39;
30/01/2026;GMAES;PVB;ES;01/02/2026;28/02/2026;38.16;
30/01/2026;GQES_Q+1;PVB;ES;01/04/2026;30/06/2026;31.97;
30/01/2026;GYES_Y+1;PVB;ES;01/01/2027;31/12/2027;26.72;
29/01/2026;GDAES_D+1;PVB;ES;30/01/2026;30/01/2026;39.76;
29/01/2026;GMAES;PVB;ES;01/02/2026;28/02/2026;38.29;
29/01/2026;GQES_Q+1;PVB;ES;01/04/2026;30/06/2026;31.5;
29/01/2026;GYES_Y+1;PVB;ES;01/01/2027;31/12/2027;26.05;
28/01/2026;GDAES_D+1;PVB;ES;29/01/2026;29/01/2026;38.98;
28/01/2026;GMAES;PVB;ES;01/02/2026;28/02/2026;38.03;
28/01/2026;GQES_Q+1;PVB;ES;01/04/2026;30/06/2026;29.6;
28/01/2026;GYES_Y+1;PVB;ES;01/01/2027;31/12/2027;25.45;
27/01/2026;GDAES_D+1;PVB;ES;28/01/2026;28/01/2026;40.29;
27/01/2026;GMAES;PVB;ES;01/02/2026;28/02/2026;38.45;
27/01/2026;GQES_Q+1;PVB;ES;01/04/2026;30/06/2026;29.13;
27/01/2026;GYES_Y+1;PVB;ES;01/01/2027;31/12/2027;25;
26/01/2026;GDAES_D+1;PVB;ES;27/01/2026;27/01/2026;41.09;
26/01/2026;GMAES;PVB;ES;01/02/2026;28/02/2026;38.78;
26/01/2026;GQES_Q+1;PVB;ES;01/04/2026;30/06/2026;29.58;
26/01/2026;GYES_Y+1;PVB;ES;01/01/2027;31/12/2027;25.15;
25/01/2026;GDAES_D+1;PVB;ES;26/01/2026;26/01/2026;42.52;
24/01/2026;GDAES_D+1;PVB;ES;25/01/2026;25/01/2026;41.58;
23/01/2026;GDAES_D+1;PVB;ES;24/01/2026;24/01/2026;42.24;
23/01/2026;GMAES;PVB;ES;01/02/2026;28/02/2026;39.57;
23/01/2026;GQES_Q+1;PVB;ES;01/04/2026;30/06/2026;30.08;
23/01/2026;GYES_Y+1;PVB;ES;01/01/2027;31/12/2027;25.7;
22/01/2026;GDAES_D+1;PVB;ES;23/01/2026;23/01/2026;40.46;
22/01/2026;GMAES;PVB;ES;01/02/2026;28/02/2026;37.75;
22/01/2026;GQES_Q+1;PVB;ES;01/04/2026;30/06/2026;30.33;
22/01/2026;GYES_Y+1;PVB;ES;01/01/2027;31/12/2027;26.1;
21/01/2026;GDAES_D+1;PVB;ES;22/01/2026;22/01/2026;41.18;
21/01/2026;GMAES;PVB;ES;01/02/2026;28/02/2026;38.91;
21/01/2026;GQES_Q+1;PVB;ES;01/04/2026;30/06/2026;30.99;
21/01/2026;GYES_Y+1;PVB;ES;01/01/2027;31/12/2027;26.4;
20/01/2026;GDAES_D+1;PVB;ES;21/01/2026;21/01/2026;37.51;
20/01/2026;GMAES;PVB;ES;01/02/2026;28/02/2026;34.4;
20/01/2026;GQES_Q+1;PVB;ES;01/04/2026;30/06/2026;29.2;
20/01/2026;GYES_Y+1;PVB;ES;01/01/2027;31/12/2027;25.25;
19/01/2026;GDAES_D+1;PVB;ES;20/01/2026;20/01/2026;37.23;
19/01/2026;GMAES;PVB;ES;01/02/2026;28/02/2026;34.43;
19/01/2026;GQES_Q+1;PVB;ES;01/04/2026;30/06/2026;28.98;
19/01/2026;GYES_Y+1;PVB;ES;01/01/2027;31/12/2027;24.85;
18/01/2026;GDAES_D+1;PVB;ES;19/01/2026;19/01/2026;39.76;
17/01/2026;GDAES_D+1;PVB;ES;18/01/2026;18/01/2026;40.63;
16/01/2026;GDAES_D+1;PVB;ES;17/01/2026;17/01/2026;39.81;
16/01/2026;GMAES;PVB;ES;01/02/2026;28/02/2026;35.99;
16/01/2026;GQES_Q+1;PVB;ES;01/04/2026;30/06/2026;29.71;
16/01/2026;GYES_Y+1;PVB;ES;01/01/2027;31/12/2027;25.25;
15/01/2026;GDAES_D+1;PVB;ES;16/01/2026;16/01/2026;35.5;
15/01/2026;GMAES;PVB;ES;01/02/2026;28/02/2026;32.6;
15/01/2026;GQES_Q+1;PVB;ES;01/04/2026;30/06/2026;27.58;
15/01/2026;GYES_Y+1;PVB;ES;01/01/2027;31/12/2027;24.2;
14/01/2026;GDAES_D+1;PVB;ES;15/01/2026;15/01/2026;33.64;
14/01/2026;GMAES;PVB;ES;01/02/2026;28/02/2026;31.78;
14/01/2026;GQES_Q+1;PVB;ES;01/04/2026;30/06/2026;26.74;
14/01/2026;GYES_Y+1;PVB;ES;01/01/2027;31/12/2027;24.25;
13/01/2026;GDAES_D+1;PVB;ES;14/01/2026;14/01/2026;33.34;
13/01/2026;GMAES;PVB;ES;01/02/2026;28/02/2026;30.91;
13/01/2026;GQES_Q+1;PVB;ES;01/04/2026;30/06/2026;26.55;
13/01/2026;GYES_Y+1;PVB;ES;01/01/2027;31/12/2027;24.5;
12/01/2026;GDAES_D+1;PVB;ES;13/01/2026;13/01/2026;32.27;
12/01/2026;GMAES;PVB;ES;01/02/2026;28/02/2026;29.88;
12/01/2026;GQES_Q+1;PVB;ES;01/04/2026;30/06/2026;26.55;
12/01/2026;GYES_Y+1;PVB;ES;01/01/2027;31/12/2027;24.4;
11/01/2026;GDAES_D+1;PVB;ES;12/01/2026;12/01/2026;30.83;
10/01/2026;GDAES_D+1;PVB;ES;11/01/2026;11/01/2026;30.73;
09/01/2026;GDAES_D+1;PVB;ES;10/01/2026;10/01/2026;30.46;
09/01/2026;GMAES;PVB;ES;01/02/2026;28/02/2026;28.15;
09/01/2026;GQES_Q+1;PVB;ES;01/04/2026;30/06/2026;25.86;
09/01/2026;GYES_Y+1;PVB;ES;01/01/2027;31/12/2027;24.2;
08/01/2026;GDAES_D+1;PVB;ES;09/01/2026;09/01/2026;29.12;
08/01/2026;GMAES;PVB;ES;01/02/2026;28/02/2026;27.54;
08/01/2026;GQES_Q+1;PVB;ES;01/04/2026;30/06/2026;25.48;
08/01/2026;GYES_Y+1;PVB;ES;01/01/2027;31/12/2027;24.05;
07/01/2026;GDAES_D+1;PVB;ES;08/01/2026;08/01/2026;29.83;
07/01/2026;GMAES;PVB;ES;01/02/2026;28/02/2026;28.6;
07/01/2026;GQES_Q+1;PVB;ES;01/04/2026;30/06/2026;26.28;
07/01/2026;GYES_Y+1;PVB;ES;01/01/2027;31/12/2027;24.45;
06/01/2026;GDAES_D+1;PVB;ES;07/01/2026;07/01/2026;28.99;
06/01/2026;GMAES;PVB;ES;01/02/2026;28/02/2026;27.71;
06/01/2026;GQES_Q+1;PVB;ES;01/04/2026;30/06/2026;25.91;
06/01/2026;GYES_Y+1;PVB;ES;01/01/2027;31/12/2027;24.6;
05/01/2026;GDAES_D+1;PVB;ES;06/01/2026;06/01/2026;29.03;
05/01/2026;GMAES;PVB;ES;01/02/2026;28/02/2026;27.22;
05/01/2026;GQES_Q+1;PVB;ES;01/04/2026;30/06/2026;25.55;
05/01/2026;GYES_Y+1;PVB;ES;01/01/2027;31/12/2027;24.3;
04/01/2026;GDAES_D+1;PVB;ES;05/01/2026;05/01/2026;32.17;
03/01/2026;GDAES_D+1;PVB;ES;04/01/2026;04/01/2026;31.2;
02/01/2026;GDAES_D+1;PVB;ES;03/01/2026;03/01/2026;30.19;
02/01/2026;GMAES;PVB;ES;01/02/2026;28/02/2026;28.7;
02/01/2026;GQES_Q+1;PVB;ES;01/04/2026;30/06/2026;27.17;
02/01/2026;GYES_Y+1;PVB;ES;01/01/2027;31/12/2027;25.62;
01/01/2026;GDAES_D+1;PVB;ES;02/01/2026;02/01/2026;28.86;
31/12/2025;GDAES_D+1;PVB;ES;01/01/2026;01/01/2026;28.96;
31/12/2025;GMAES;PVB;ES;01/01/2026;31/01/2026;28.1;
30/12/2025;GDAES_D+1;PVB;ES;31/12/2025;31/12/2025;27.79;
30/12/2025;GMAES;PVB;ES;01/01/2026;31/01/2026;27.7;
30/12/2025;GQES_Q+1;PVB;ES;01/01/2026;31/03/2026;27.29;
30/12/2025;GYES_Y+1;PVB;ES;01/01/2026;31/12/2026;26.63;
29/12/2025;GDAES_D+1;PVB;ES;30/12/2025;30/12/2025;28.47;
29/12/2025;GMAES;PVB;ES;01/01/2026;31/01/2026;28.35;
29/12/2025;GQES_Q+1;PVB;ES;01/01/2026;31/03/2026;27.89;
29/12/2025;GYES_Y+1;PVB;ES;01/01/2026;31/12/2026;26.87;
28/12/2025;GDAES_D+1;PVB;ES;29/12/2025;29/12/2025;29.81;
27/12/2025;GDAES_D+1;PVB;ES;28/12/2025;28/12/2025;29.82;
26/12/2025;GDAES_D+1;PVB;ES;27/12/2025;27/12/2025;29.69;
25/12/2025;GDAES_D+1;PVB;ES;26/12/2025;26/12/2025;29.39;
24/12/2025;GDAES_D+1;PVB;ES;25/12/2025;25/12/2025;28.42;
24/12/2025;GMAES;PVB;ES;01/01/2026;31/01/2026;27.48;
24/12/2025;GQES_Q+1;PVB;ES;01/01/2026;31/03/2026;27.41;
24/12/2025;GYES_Y+1;PVB;ES;01/01/2026;31/12/2026;26.75;
23/12/2025;GDAES_D+1;PVB;ES;24/12/2025;24/12/2025;27.69;
23/12/2025;GMAES;PVB;ES;01/01/2026;31/01/2026;27.58;
23/12/2025;GQES_Q+1;PVB;ES;01/01/2026;31/03/2026;27.18;
23/12/2025;GYES_Y+1;PVB;ES;01/01/2026;31/12/2026;26.38;
22/12/2025;GDAES_D+1;PVB;ES;23/12/2025;23/12/2025;27.69;
22/12/2025;GMAES;PVB;ES;01/01/2026;31/01/2026;27.23;
22/12/2025;GQES_Q+1;PVB;ES;01/01/2026;31/03/2026;26.98;
22/12/2025;GYES_Y+1;PVB;ES;01/01/2026;31/12/2026;26.18;
21/12/2025;GDAES_D+1;PVB;ES;22/12/2025;22/12/2025;29.08;
20/12/2025;GDAES_D+1;PVB;ES;21/12/2025;21/12/2025;28.95;
19/12/2025;GDAES_D+1;PVB;ES;20/12/2025;20/12/2025;28.01;
19/12/2025;GMAES;PVB;ES;01/01/2026;31/01/2026;27.62;
19/12/2025;GQES_Q+1;PVB;ES;01/01/2026;31/03/2026;27.56;
19/12/2025;GYES_Y+1;PVB;ES;01/01/2026;31/12/2026;26.48;
18/12/2025;GDAES_D+1;PVB;ES;19/12/2025;19/12/2025;27.5;
18/12/2025;GMAES;PVB;ES;01/01/2026;31/01/2026;27.11;
18/12/2025;GQES_Q+1;PVB;ES;01/01/2026;31/03/2026;26.88;
18/12/2025;GYES_Y+1;PVB;ES;01/01/2026;31/12/2026;26.07;
17/12/2025;GDAES_D+1;PVB;ES;18/12/2025;18/12/2025;27.13;
17/12/2025;GMAES;PVB;ES;01/01/2026;31/01/2026;26.83;
17/12/2025;GQES_Q+1;PVB;ES;01/01/2026;31/03/2026;26.68;
17/12/2025;GYES_Y+1;PVB;ES;01/01/2026;31/12/2026;25.68;
16/12/2025;GDAES_D+1;PVB;ES;17/12/2025;17/12/2025;26.62;
16/12/2025;GMAES;PVB;ES;01/01/2026;31/01/2026;26.42;
16/12/2025;GQES_Q+1;PVB;ES;01/01/2026;31/03/2026;26.14;
16/12/2025;GYES_Y+1;PVB;ES;01/01/2026;31/12/2026;25.28;
15/12/2025;GDAES_D+1;PVB;ES;16/12/2025;16/12/2025;27.18;
15/12/2025;GMAES;PVB;ES;01/01/2026;31/01/2026;26.93;
15/12/2025;GQES_Q+1;PVB;ES;01/01/2026;31/03/2026;26.78;
15/12/2025;GYES_Y+1;PVB;ES;01/01/2026;31/12/2026;25.83;
14/12/2025;GDAES_D+1;PVB;ES;15/12/2025;15/12/2025;28.47;
13/12/2025;GDAES_D+1;PVB;ES;14/12/2025;14/12/2025;29.1;
12/12/2025;GDAES_D+1;PVB;ES;13/12/2025;13/12/2025;27.37;
12/12/2025;GMAES;PVB;ES;01/01/2026;31/01/2026;27.18;
12/12/2025;GQES_Q+1;PVB;ES;01/01/2026;31/03/2026;26.93;
12/12/2025;GYES_Y+1;PVB;ES;01/01/2026;31/12/2026;26.13;
11/12/2025;GDAES_D+1;PVB;ES;12/12/2025;12/12/2025;26.59;
11/12/2025;GMAES;PVB;ES;01/01/2026;31/01/2026;26.48;
11/12/2025;GQES_Q+1;PVB;ES;01/01/2026;31/03/2026;26.33;
11/12/2025;GYES_Y+1;PVB;ES;01/01/2026;31/12/2026;25.55;
10/12/2025;GDAES_D+1;PVB;ES;11/12/2025;11/12/2025;26.54;
10/12/2025;GMAES;PVB;ES;01/01/2026;31/01/2026;26.23;
10/12/2025;GQES_Q+1;PVB;ES;01/01/2026;31/03/2026;26.29;
10/12/2025;GYES_Y+1;PVB;ES;01/01/2026;31/12/2026;25.48;
09/12/2025;GDAES_D+1;PVB;ES;10/12/2025;10/12/2025;27.27;
09/12/2025;GMAES;PVB;ES;01/01/2026;31/01/2026;27.13;
09/12/2025;GQES_Q+1;PVB;ES;01/01/2026;31/03/2026;27;
09/12/2025;GYES_Y+1;PVB;ES;01/01/2026;31/12/2026;26.33;
08/12/2025;GDAES_D+1;PVB;ES;09/12/2025;09/12/2025;26.71;
08/12/2025;GMAES;PVB;ES;01/01/2026;31/01/2026;26.63;
08/12/2025;GQES_Q+1;PVB;ES;01/01/2026;31/03/2026;26.59;
08/12/2025;GYES_Y+1;PVB;ES;01/01/2026;31/12/2026;26.18;
07/12/2025;GDAES_D+1;PVB;ES;08/12/2025;08/12/2025;27.16;
06/12/2025;GDAES_D+1;PVB;ES;07/12/2025;07/12/2025;27.46;
05/12/2025;GDAES_D+1;PVB;ES;06/12/2025;06/12/2025;27.23;
05/12/2025;GMAES;PVB;ES;01/01/2026;31/01/2026;26.83;
05/12/2025;GQES_Q+1;PVB;ES;01/01/2026;31/03/2026;26.93;
05/12/2025;GYES_Y+1;PVB;ES;01/01/2026;31/12/2026;26.18;
04/12/2025;GDAES_D+1;PVB;ES;05/12/2025;05/12/2025;26.92;
04/12/2025;GMAES;PVB;ES;01/01/2026;31/01/2026;26.68;
04/12/2025;GQES_Q+1;PVB;ES;01/01/2026;31/03/2026;26.73;
04/12/2025;GYES_Y+1;PVB;ES;01/01/2026;31/12/2026;26.13;
03/12/2025;GDAES_D+1;PVB;ES;04/12/2025;04/12/2025;28.04;
03/12/2025;GMAES;PVB;ES;01/01/2026;31/01/2026;27.88;
03/12/2025;GQES_Q+1;PVB;ES;01/01/2026;31/03/2026;27.68;
03/12/2025;GYES_Y+1;PVB;ES;01/01/2026;31/12/2026;27.08;
02/12/2025;GDAES_D+1;PVB;ES;03/12/2025;03/12/2025;27.69;
02/12/2025;GMAES;PVB;ES;01/01/2026;31/01/2026;27.73;
02/12/2025;GQES_Q+1;PVB;ES;01/01/2026;31/03/2026;27.48;
02/12/2025;GYES_Y+1;PVB;ES;01/01/2026;31/12/2026;26.88;
01/12/2025;GDAES_D+1;PVB;ES;02/12/2025;02/12/2025;28.15;
01/12/2025;GMAES;PVB;ES;01/01/2026;31/01/2026;27.87;
01/12/2025;GQES_Q+1;PVB;ES;01/01/2026;31/03/2026;27.73;
01/12/2025;GYES_Y+1;PVB;ES;01/01/2026;31/12/2026;26.93;
30/11/2025;GDAES_D+1;PVB;ES;01/12/2025;01/12/2025;28.91;
29/11/2025;GDAES_D+1;PVB;ES;30/11/2025;30/11/2025;29.04;
28/11/2025;GDAES_D+1;PVB;ES;29/11/2025;29/11/2025;28.95;
28/11/2025;GMAES;PVB;ES;01/12/2025;31/12/2025;28.3;
28/11/2025;GQES_Q+1;PVB;ES;01/01/2026;31/03/2026;28.18;
28/11/2025;GYES_Y+1;PVB;ES;01/01/2026;31/12/2026;27.33;
27/11/2025;GDAES_D+1;PVB;ES;28/11/2025;28/11/2025;28.82;
27/11/2025;GMAES;PVB;ES;01/12/2025;31/12/2025;28.7;
27/11/2025;GQES_Q+1;PVB;ES;01/01/2026;31/03/2026;28.67;
27/11/2025;GYES_Y+1;PVB;ES;01/01/2026;31/12/2026;27.73;
26/11/2025;GDAES_D+1;PVB;ES;27/11/2025;27/11/2025;29.12;
26/11/2025;GMAES;PVB;ES;01/12/2025;31/12/2025;28.88;
26/11/2025;GQES_Q+1;PVB;ES;01/01/2026;31/03/2026;28.73;
26/11/2025;GYES_Y+1;PVB;ES;01/01/2026;31/12/2026;27.78;
25/11/2025;GDAES_D+1;PVB;ES;26/11/2025;26/11/2025;29.23;
25/11/2025;GMAES;PVB;ES;01/12/2025;31/12/2025;28.88;
25/11/2025;GQES_Q+1;PVB;ES;01/01/2026;31/03/2026;29.08;
25/11/2025;GYES_Y+1;PVB;ES;01/01/2026;31/12/2026;27.93;
24/11/2025;GDAES_D+1;PVB;ES;25/11/2025;25/11/2025;29.37;
24/11/2025;GMAES;PVB;ES;01/12/2025;31/12/2025;29.28;
24/11/2025;GQES_Q+1;PVB;ES;01/01/2026;31/03/2026;29.33;
24/11/2025;GYES_Y+1;PVB;ES;01/01/2026;31/12/2026;28.28;
23/11/2025;GDAES_D+1;PVB;ES;24/11/2025;24/11/2025;29.83;
22/11/2025;GDAES_D+1;PVB;ES;23/11/2025;23/11/2025;30.2;
21/11/2025;GDAES_D+1;PVB;ES;22/11/2025;22/11/2025;29.78;
21/11/2025;GMAES;PVB;ES;01/12/2025;31/12/2025;29.58;
21/11/2025;GQES_Q+1;PVB;ES;01/01/2026;31/03/2026;29.68;
21/11/2025;GYES_Y+1;PVB;ES;01/01/2026;31/12/2026;28.53;
20/11/2025;GDAES_D+1;PVB;ES;21/11/2025;21/11/2025;30.43;
20/11/2025;GMAES;PVB;ES;01/12/2025;31/12/2025;30.42;
20/11/2025;GQES_Q+1;PVB;ES;01/01/2026;31/03/2026;30.8;
20/11/2025;GYES_Y+1;PVB;ES;01/01/2026;31/12/2026;29.35;
19/11/2025;GDAES_D+1;PVB;ES;20/11/2025;20/11/2025;30.42;
19/11/2025;GMAES;PVB;ES;01/12/2025;31/12/2025;30.3;
19/11/2025;GQES_Q+1;PVB;ES;01/01/2026;31/03/2026;30.43;
19/11/2025;GYES_Y+1;PVB;ES;01/01/2026;31/12/2026;29.23;
18/11/2025;GDAES_D+1;PVB;ES;19/11/2025;19/11/2025;31.08;
18/11/2025;GMAES;PVB;ES;01/12/2025;31/12/2025;30.93;
18/11/2025;GQES_Q+1;PVB;ES;01/01/2026;31/03/2026;31.03;
18/11/2025;GYES_Y+1;PVB;ES;01/01/2026;31/12/2026;29.75;
17/11/2025;GDAES_D+1;PVB;ES;18/11/2025;18/11/2025;30.94;
17/11/2025;GMAES;PVB;ES;01/12/2025;31/12/2025;30.75;
17/11/2025;GQES_Q+1;PVB;ES;01/01/2026;31/03/2026;30.9;
17/11/2025;GYES_Y+1;PVB;ES;01/01/2026;31/12/2026;29.75;
16/11/2025;GDAES_D+1;PVB;ES;17/11/2025;17/11/2025;30.5;
15/11/2025;GDAES_D+1;PVB;ES;16/11/2025;16/11/2025;30.54;
14/11/2025;GDAES_D+1;PVB;ES;15/11/2025;15/11/2025;30.23;
14/11/2025;GMAES;PVB;ES;01/12/2025;31/12/2025;30.42;
14/11/2025;GQES_Q+1;PVB;ES;01/01/2026;31/03/2026;30.48;
14/11/2025;GYES_Y+1;PVB;ES;01/01/2026;31/12/2026;29.48;
13/11/2025;GDAES_D+1;PVB;ES;14/11/2025;14/11/2025;29.42;
13/11/2025;GMAES;PVB;ES;01/12/2025;31/12/2025;29.83;
13/11/2025;GQES_Q+1;PVB;ES;01/01/2026;31/03/2026;29.98;
13/11/2025;GYES_Y+1;PVB;ES;01/01/2026;31/12/2026;29.13;
12/11/2025;GDAES_D+1;PVB;ES;13/11/2025;13/11/2025;29.81;
12/11/2025;GMAES;PVB;ES;01/12/2025;31/12/2025;30.26;
12/11/2025;GQES_Q+1;PVB;ES;01/01/2026;31/03/2026;30.53;
12/11/2025;GYES_Y+1;PVB;ES;01/01/2026;31/12/2026;29.48;
11/11/2025;GDAES_D+1;PVB;ES;12/11/2025;12/11/2025;30.15;
11/11/2025;GMAES;PVB;ES;01/12/2025;31/12/2025;30.49;
11/11/2025;GQES_Q+1;PVB;ES;01/01/2026;31/03/2026;30.7;
11/11/2025;GYES_Y+1;PVB;ES;01/01/2026;31/12/2026;29.75;
10/11/2025;GDAES_D+1;PVB;ES;11/11/2025;11/11/2025;30.23;
10/11/2025;GMAES;PVB;ES;01/12/2025;31/12/2025;30.58;
10/11/2025;GQES_Q+1;PVB;ES;01/01/2026;31/03/2026;30.72;
10/11/2025;GYES_Y+1;PVB;ES;01/01/2026;31/12/2026;29.87;
09/11/2025;GDAES_D+1;PVB;ES;10/11/2025;10/11/2025;30.72;
08/11/2025;GDAES_D+1;PVB;ES;09/11/2025;09/11/2025;30.31;
07/11/2025;GDAES_D+1;PVB;ES;08/11/2025;08/11/2025;30.31;
07/11/2025;GMAES;PVB;ES;01/12/2025;31/12/2025;30.44;
07/11/2025;GQES_Q+1;PVB;ES;01/01/2026;31/03/2026;30.58;
07/11/2025;GYES_Y+1;PVB;ES;01/01/2026;31/12/2026;29.63;
06/11/2025;GDAES_D+1;PVB;ES;07/11/2025;07/11/2025;30.67;
06/11/2025;GMAES;PVB;ES;01/12/2025;31/12/2025;30.95;
06/11/2025;GQES_Q+1;PVB;ES;01/01/2026;31/03/2026;31.13;
06/11/2025;GYES_Y+1;PVB;ES;01/01/2026;31/12/2026;29.93;
05/11/2025;GDAES_D+1;PVB;ES;06/11/2025;06/11/2025;30.83;
05/11/2025;GMAES;PVB;ES;01/12/2025;31/12/2025;30.98;
05/11/2025;GQES_Q+1;PVB;ES;01/01/2026;31/03/2026;31.34;
05/11/2025;GYES_Y+1;PVB;ES;01/01/2026;31/12/2026;30.1;
04/11/2025;GDAES_D+1;PVB;ES;05/11/2025;05/11/2025;31.41;
04/11/2025;GMAES;PVB;ES;01/12/2025;31/12/2025;31.68;
04/11/2025;GQES_Q+1;PVB;ES;01/01/2026;31/03/2026;31.68;
04/11/2025;GYES_Y+1;PVB;ES;01/01/2026;31/12/2026;30.53;
03/11/2025;GDAES_D+1;PVB;ES;04/11/2025;04/11/2025;30.9;
03/11/2025;GMAES;PVB;ES;01/12/2025;31/12/2025;30.93;
03/11/2025;GQES_Q+1;PVB;ES;01/01/2026;31/03/2026;31.08;
03/11/2025;GYES_Y+1;PVB;ES;01/01/2026;31/12/2026;30.03;
02/11/2025;GDAES_D+1;PVB;ES;03/11/2025;03/11/2025;30.64;
01/11/2025;GDAES_D+1;PVB;ES;02/11/2025;02/11/2025;30.43;
31/10/2025;GDAES_D+1;PVB;ES;01/11/2025;01/11/2025;30.17;
31/10/2025;GMAES;PVB;ES;01/11/2025;30/11/2025;30.28;
31/10/2025;GQES_Q+1;PVB;ES;01/01/2026;31/03/2026;30.37;
31/10/2025;GYES_Y+1;PVB;ES;01/01/2026;31/12/2026;29.5;
30/10/2025;GDAES_D+1;PVB;ES;31/10/2025;31/10/2025;30.59;
30/10/2025;GMAES;PVB;ES;01/11/2025;30/11/2025;30.35;
30/10/2025;GQES_Q+1;PVB;ES;01/01/2026;31/03/2026;30.91;
30/10/2025;GYES_Y+1;PVB;ES;01/01/2026;31/12/2026;29.97;
29/10/2025;GDAES_D+1;PVB;ES;30/10/2025;30/10/2025;31.38;
29/10/2025;GMAES;PVB;ES;01/11/2025;30/11/2025;30.89;
29/10/2025;GQES_Q+1;PVB;ES;01/01/2026;31/03/2026;31.28;
29/10/2025;GYES_Y+1;PVB;ES;01/01/2026;31/12/2026;30.18;
28/10/2025;GDAES_D+1;PVB;ES;29/10/2025;29/10/2025;30.97;
28/10/2025;GMAES;PVB;ES;01/11/2025;30/11/2025;30.53;
28/10/2025;GQES_Q+1;PVB;ES;01/01/2026;31/03/2026;31.03;
28/10/2025;GYES_Y+1;PVB;ES;01/01/2026;31/12/2026;29.88;
27/10/2025;GDAES_D+1;PVB;ES;28/10/2025;28/10/2025;30.7;
27/10/2025;GMAES;PVB;ES;01/11/2025;30/11/2025;30.3;
27/10/2025;GQES_Q+1;PVB;ES;01/01/2026;31/03/2026;30.84;
27/10/2025;GYES_Y+1;PVB;ES;01/01/2026;31/12/2026;29.78;
26/10/2025;GDAES_D+1;PVB;ES;27/10/2025;27/10/2025;31.57;
25/10/2025;GDAES_D+1;PVB;ES;26/10/2025;26/10/2025;32.07;
24/10/2025;GDAES_D+1;PVB;ES;25/10/2025;25/10/2025;31.2;
24/10/2025;GMAES;PVB;ES;01/11/2025;30/11/2025;31.13;
24/10/2025;GQES_Q+1;PVB;ES;01/01/2026;31/03/2026;31.6;
24/10/2025;GYES_Y+1;PVB;ES;01/01/2026;31/12/2026;30.38;
23/10/2025;GDAES_D+1;PVB;ES;24/10/2025;24/10/2025;31.64;
23/10/2025;GMAES;PVB;ES;01/11/2025;30/11/2025;31.55;
23/10/2025;GQES_Q+1;PVB;ES;01/01/2026;31/03/2026;31.83;
23/10/2025;GYES_Y+1;PVB;ES;01/01/2026;31/12/2026;30.68;
22/10/2025;GDAES_D+1;PVB;ES;23/10/2025;23/10/2025;30.94;
22/10/2025;GMAES;PVB;ES;01/11/2025;30/11/2025;30.81;
22/10/2025;GQES_Q+1;PVB;ES;01/01/2026;31/03/2026;31.42;
22/10/2025;GYES_Y+1;PVB;ES;01/01/2026;31/12/2026;30.18;
21/10/2025;GDAES_D+1;PVB;ES;22/10/2025;22/10/2025;31.39;
21/10/2025;GMAES;PVB;ES;01/11/2025;30/11/2025;31.18;
21/10/2025;GQES_Q+1;PVB;ES;01/01/2026;31/03/2026;31.68;
21/10/2025;GYES_Y+1;PVB;ES;01/01/2026;31/12/2026;30.45;
20/10/2025;GDAES_D+1;PVB;ES;21/10/2025;21/10/2025;30.83;
20/10/2025;GMAES;PVB;ES;01/11/2025;30/11/2025;30.58;
20/10/2025;GQES_Q+1;PVB;ES;01/01/2026;31/03/2026;31.04;
20/10/2025;GYES_Y+1;PVB;ES;01/01/2026;31/12/2026;29.93;
19/10/2025;GDAES_D+1;PVB;ES;20/10/2025;20/10/2025;31.22;
18/10/2025;GDAES_D+1;PVB;ES;19/10/2025;19/10/2025;31.1;
17/10/2025;GDAES_D+1;PVB;ES;18/10/2025;18/10/2025;31.39;
17/10/2025;GMAES;PVB;ES;01/11/2025;30/11/2025;31.03;
17/10/2025;GQES_Q+1;PVB;ES;01/01/2026;31/03/2026;31.38;
17/10/2025;GYES_Y+1;PVB;ES;01/01/2026;31/12/2026;29.97;
16/10/2025;GDAES_D+1;PVB;ES;17/10/2025;17/10/2025;31.68;
16/10/2025;GMAES;PVB;ES;01/11/2025;30/11/2025;31.66;
16/10/2025;GQES_Q+1;PVB;ES;01/01/2026;31/03/2026;31.68;
16/10/2025;GYES_Y+1;PVB;ES;01/01/2026;31/12/2026;30.28;
15/10/2025;GDAES_D+1;PVB;ES;16/10/2025;16/10/2025;31.15;
15/10/2025;GMAES;PVB;ES;01/11/2025;30/11/2025;30.94;
15/10/2025;GQES_Q+1;PVB;ES;01/01/2026;31/03/2026;31.38;
15/10/2025;GYES_Y+1;PVB;ES;01/01/2026;31/12/2026;30.2;
14/10/2025;GDAES_D+1;PVB;ES;15/10/2025;15/10/2025;30.92;
14/10/2025;GMAES;PVB;ES;01/11/2025;30/11/2025;30.93;
14/10/2025;GQES_Q+1;PVB;ES;01/01/2026;31/03/2026;31.49;
14/10/2025;GYES_Y+1;PVB;ES;01/01/2026;31/12/2026;30.34;
13/10/2025;GDAES_D+1;PVB;ES;14/10/2025;14/10/2025;30.64;
13/10/2025;GMAES;PVB;ES;01/11/2025;30/11/2025;30.58;
13/10/2025;GQES_Q+1;PVB;ES;01/01/2026;31/03/2026;31.13;
13/10/2025;GYES_Y+1;PVB;ES;01/01/2026;31/12/2026;29.98;
12/10/2025;GDAES_D+1;PVB;ES;13/10/2025;13/10/2025;31.17;
11/10/2025;GDAES_D+1;PVB;ES;12/10/2025;12/10/2025;31.01;
10/10/2025;GDAES_D+1;PVB;ES;11/10/2025;11/10/2025;31.09;
10/10/2025;GMAES;PVB;ES;01/11/2025;30/11/2025;31.09;
10/10/2025;GQES_Q+1;PVB;ES;01/01/2026;31/03/2026;31.6;
10/10/2025;GYES_Y+1;PVB;ES;01/01/2026;31/12/2026;30.54;
09/10/2025;GDAES_D+1;PVB;ES;10/10/2025;10/10/2025;31.4;
09/10/2025;GMAES;PVB;ES;01/11/2025;30/11/2025;31.54;
09/10/2025;GQES_Q+1;PVB;ES;01/01/2026;31/03/2026;31.95;
09/10/2025;GYES_Y+1;PVB;ES;01/01/2026;31/12/2026;30.63;
08/10/2025;GDAES_D+1;PVB;ES;09/10/2025;09/10/2025;31.73;
08/10/2025;GMAES;PVB;ES;01/11/2025;30/11/2025;31.7;
08/10/2025;GQES_Q+1;PVB;ES;01/01/2026;31/03/2026;32.03;
08/10/2025;GYES_Y+1;PVB;ES;01/01/2026;31/12/2026;30.93;
07/10/2025;GDAES_D+1;PVB;ES;08/10/2025;08/10/2025;32.38;
07/10/2025;GMAES;PVB;ES;01/11/2025;30/11/2025;32.23;
07/10/2025;GQES_Q+1;PVB;ES;01/01/2026;31/03/2026;32.73;
07/10/2025;GYES_Y+1;PVB;ES;01/01/2026;31/12/2026;31.38;
06/10/2025;GDAES_D+1;PVB;ES;07/10/2025;07/10/2025;32.31;
06/10/2025;GMAES;PVB;ES;01/11/2025;30/11/2025;32.4;
06/10/2025;GQES_Q+1;PVB;ES;01/01/2026;31/03/2026;32.63;
06/10/2025;GYES_Y+1;PVB;ES;01/01/2026;31/12/2026;31.23;
05/10/2025;GDAES_D+1;PVB;ES;06/10/2025;06/10/2025;31.99;
04/10/2025;GDAES_D+1;PVB;ES;05/10/2025;05/10/2025;31.23;
03/10/2025;GDAES_D+1;PVB;ES;04/10/2025;04/10/2025;30.24;
03/10/2025;GMAES;PVB;ES;01/11/2025;30/11/2025;30.43;
03/10/2025;GQES_Q+1;PVB;ES;01/01/2026;31/03/2026;31.35;
03/10/2025;GYES_Y+1;PVB;ES;01/01/2026;31/12/2026;30.15;
02/10/2025;GDAES_D+1;PVB;ES;03/10/2025;03/10/2025;30.34;
02/10/2025;GMAES;PVB;ES;01/11/2025;30/11/2025;30.4;
02/10/2025;GQES_Q+1;PVB;ES;01/01/2026;31/03/2026;31.08;
02/10/2025;GYES_Y+1;PVB;ES;01/01/2026;31/12/2026;30.1;
01/10/2025;GDAES_D+1;PVB;ES;02/10/2025;02/10/2025;30.82;
01/10/2025;GMAES;PVB;ES;01/11/2025;30/11/2025;30.6;
01/10/2025;GQES_Q+1;PVB;ES;01/01/2026;31/03/2026;31.28;
01/10/2025;GYES_Y+1;PVB;ES;01/01/2026;31/12/2026;30.33;
30/09/2025;GDAES_D+1;PVB;ES;01/10/2025;01/10/2025;30.83;
30/09/2025;GMAES;PVB;ES;01/10/2025;31/10/2025;30.9;
30/09/2025;GYES_Y+1;PVB;ES;01/01/2026;31/12/2026;30.8;
29/09/2025;GDAES_D+1;PVB;ES;30/09/2025;30/09/2025;31.72;
29/09/2025;GMAES;PVB;ES;01/10/2025;31/10/2025;31.41;
29/09/2025;GQES_Q+1;PVB;ES;01/10/2025;31/12/2025;31.78;
29/09/2025;GYES_Y+1;PVB;ES;01/01/2026;31/12/2026;31;
28/09/2025;GDAES_D+1;PVB;ES;29/09/2025;29/09/2025;32.1;
27/09/2025;GDAES_D+1;PVB;ES;28/09/2025;28/09/2025;31.98;
26/09/2025;GDAES_D+1;PVB;ES;27/09/2025;27/09/2025;32.14;
26/09/2025;GMAES;PVB;ES;01/10/2025;31/10/2025;31.83;
26/09/2025;GQES_Q+1;PVB;ES;01/10/2025;31/12/2025;32.28;
26/09/2025;GYES_Y+1;PVB;ES;01/01/2026;31/12/2026;31.45;
25/09/2025;GDAES_D+1;PVB;ES;26/09/2025;26/09/2025;31.99;
25/09/2025;GMAES;PVB;ES;01/10/2025;31/10/2025;31.83;
25/09/2025;GQES_Q+1;PVB;ES;01/10/2025;31/12/2025;32.15;
25/09/2025;GYES_Y+1;PVB;ES;01/01/2026;31/12/2026;31.35;
24/09/2025;GDAES_D+1;PVB;ES;25/09/2025;25/09/2025;31.49;
24/09/2025;GMAES;PVB;ES;01/10/2025;31/10/2025;31.25;
24/09/2025;GQES_Q+1;PVB;ES;01/10/2025;31/12/2025;31.73;
24/09/2025;GYES_Y+1;PVB;ES;01/01/2026;31/12/2026;31.29;
23/09/2025;GDAES_D+1;PVB;ES;24/09/2025;24/09/2025;31.87;
23/09/2025;GMAES;PVB;ES;01/10/2025;31/10/2025;31.73;
23/09/2025;GQES_Q+1;PVB;ES;01/10/2025;31/12/2025;31.98;
23/09/2025;GYES_Y+1;PVB;ES;01/01/2026;31/12/2026;31.28;
22/09/2025;GDAES_D+1;PVB;ES;23/09/2025;23/09/2025;31.5;
22/09/2025;GMAES;PVB;ES;01/10/2025;31/10/2025;31.09;
22/09/2025;GQES_Q+1;PVB;ES;01/10/2025;31/12/2025;31.6;
22/09/2025;GYES_Y+1;PVB;ES;01/01/2026;31/12/2026;31.03;
21/09/2025;GDAES_D+1;PVB;ES;22/09/2025;22/09/2025;31.96;
20/09/2025;GDAES_D+1;PVB;ES;21/09/2025;21/09/2025;32.05;
19/09/2025;GDAES_D+1;PVB;ES;20/09/2025;20/09/2025;31.92;
19/09/2025;GMAES;PVB;ES;01/10/2025;31/10/2025;31.43;
19/09/2025;GQES_Q+1;PVB;ES;01/10/2025;31/12/2025;31.98;
19/09/2025;GYES_Y+1;PVB;ES;01/01/2026;31/12/2026;31.33;
18/09/2025;GDAES_D+1;PVB;ES;19/09/2025;19/09/2025;32.47;
18/09/2025;GMAES;PVB;ES;01/10/2025;31/10/2025;32.2;
18/09/2025;GQES_Q+1;PVB;ES;01/10/2025;31/12/2025;32.86;
18/09/2025;GYES_Y+1;PVB;ES;01/01/2026;31/12/2026;31.73;
17/09/2025;GDAES_D+1;PVB;ES;18/09/2025;18/09/2025;31.95;
17/09/2025;GMAES;PVB;ES;01/10/2025;31/10/2025;31.83;
17/09/2025;GQES_Q+1;PVB;ES;01/10/2025;31/12/2025;32.46;
17/09/2025;GYES_Y+1;PVB;ES;01/01/2026;31/12/2026;31.48;
16/09/2025;GDAES_D+1;PVB;ES;17/09/2025;17/09/2025;31.78;
16/09/2025;GMAES;PVB;ES;01/10/2025;31/10/2025;31.61;
16/09/2025;GQES_Q+1;PVB;ES;01/10/2025;31/12/2025;32.3;
16/09/2025;GYES_Y+1;PVB;ES;01/01/2026;31/12/2026;31.38;
15/09/2025;GDAES_D+1;PVB;ES;16/09/2025;16/09/2025;31.53;
15/09/2025;GMAES;PVB;ES;01/10/2025;31/10/2025;31.54;
15/09/2025;GQES_Q+1;PVB;ES;01/10/2025;31/12/2025;32.13;
15/09/2025;GYES_Y+1;PVB;ES;01/01/2026;31/12/2026;31.08;
14/09/2025;GDAES_D+1;PVB;ES;15/09/2025;15/09/2025;32.18;
13/09/2025;GDAES_D+1;PVB;ES;14/09/2025;14/09/2025;32.23;
12/09/2025;GDAES_D+1;PVB;ES;13/09/2025;13/09/2025;32.27;
12/09/2025;GMAES;PVB;ES;01/10/2025;31/10/2025;32.03;
12/09/2025;GQES_Q+1;PVB;ES;01/10/2025;31/12/2025;32.66;
12/09/2025;GYES_Y+1;PVB;ES;01/01/2026;31/12/2026;31.48;
11/09/2025;GDAES_D+1;PVB;ES;12/09/2025;12/09/2025;31.75;
11/09/2025;GMAES;PVB;ES;01/10/2025;31/10/2025;31.59;
11/09/2025;GQES_Q+1;PVB;ES;01/10/2025;31/12/2025;32.69;
11/09/2025;GYES_Y+1;PVB;ES;01/01/2026;31/12/2026;32.03;
10/09/2025;GDAES_D+1;PVB;ES;11/09/2025;11/09/2025;32.7;
10/09/2025;GMAES;PVB;ES;01/10/2025;31/10/2025;32.43;
10/09/2025;GQES_Q+1;PVB;ES;01/10/2025;31/12/2025;32.94;
10/09/2025;GYES_Y+1;PVB;ES;01/01/2026;31/12/2026;31.95;
09/09/2025;GDAES_D+1;PVB;ES;10/09/2025;10/09/2025;32.58;
09/09/2025;GMAES;PVB;ES;01/10/2025;31/10/2025;32.28;
09/09/2025;GQES_Q+1;PVB;ES;01/10/2025;31/12/2025;32.8;
09/09/2025;GYES_Y+1;PVB;ES;01/01/2026;31/12/2026;31.63;
08/09/2025;GDAES_D+1;PVB;ES;09/09/2025;09/09/2025;32.47;
08/09/2025;GMAES;PVB;ES;01/10/2025;31/10/2025;32.28;
08/09/2025;GQES_Q+1;PVB;ES;01/10/2025;31/12/2025;32.78;
08/09/2025;GYES_Y+1;PVB;ES;01/01/2026;31/12/2026;31.53;
07/09/2025;GDAES_D+1;PVB;ES;08/09/2025;08/09/2025;31.19;
06/09/2025;GDAES_D+1;PVB;ES;07/09/2025;07/09/2025;31.4;
05/09/2025;GDAES_D+1;PVB;ES;06/09/2025;06/09/2025;31.36;
05/09/2025;GMAES;PVB;ES;01/10/2025;31/10/2025;31.08;
05/09/2025;GQES_Q+1;PVB;ES;01/10/2025;31/12/2025;31.98;
05/09/2025;GYES_Y+1;PVB;ES;01/01/2026;31/12/2026;31.13;
04/09/2025;GDAES_D+1;PVB;ES;05/09/2025;05/09/2025;31.82;
04/09/2025;GMAES;PVB;ES;01/10/2025;31/10/2025;31.68;
04/09/2025;GQES_Q+1;PVB;ES;01/10/2025;31/12/2025;32.37;
04/09/2025;GYES_Y+1;PVB;ES;01/01/2026;31/12/2026;31.43;
03/09/2025;GDAES_D+1;PVB;ES;04/09/2025;04/09/2025;31.19;
03/09/2025;GMAES;PVB;ES;01/10/2025;31/10/2025;31.28;
03/09/2025;GQES_Q+1;PVB;ES;01/10/2025;31/12/2025;32.02;
03/09/2025;GYES_Y+1;PVB;ES;01/01/2026;31/12/2026;31.03;
02/09/2025;GDAES_D+1;PVB;ES;03/09/2025;03/09/2025;31.22;
02/09/2025;GMAES;PVB;ES;01/10/2025;31/10/2025;31.08;
02/09/2025;GQES_Q+1;PVB;ES;01/10/2025;31/12/2025;31.8;
02/09/2025;GYES_Y+1;PVB;ES;01/01/2026;31/12/2026;30.98;
01/09/2025;GDAES_D+1;PVB;ES;02/09/2025;02/09/2025;31.59;
01/09/2025;GMAES;PVB;ES;01/10/2025;31/10/2025;31.33;
01/09/2025;GQES_Q+1;PVB;ES;01/10/2025;31/12/2025;32.1;
01/09/2025;GYES_Y+1;PVB;ES;01/01/2026;31/12/2026;31.08;
31/08/2025;GDAES_D+1;PVB;ES;01/09/2025;01/09/2025;30.87;
30/08/2025;GDAES_D+1;PVB;ES;31/08/2025;31/08/2025;30.93;
29/08/2025;GDAES_D+1;PVB;ES;30/08/2025;30/08/2025;31.08;
29/08/2025;GMAES;PVB;ES;01/09/2025;30/09/2025;30.88;
29/08/2025;GQES_Q+1;PVB;ES;01/10/2025;31/12/2025;31.48;
29/08/2025;GYES_Y+1;PVB;ES;01/01/2026;31/12/2026;30.54;
28/08/2025;GDAES_D+1;PVB;ES;29/08/2025;29/08/2025;31.09;
28/08/2025;GMAES;PVB;ES;01/09/2025;30/09/2025;30.7;
28/08/2025;GQES_Q+1;PVB;ES;01/10/2025;31/12/2025;31.64;
28/08/2025;GYES_Y+1;PVB;ES;01/01/2026;31/12/2026;30.5;
27/08/2025;GDAES_D+1;PVB;ES;28/08/2025;28/08/2025;31.97;
27/08/2025;GMAES;PVB;ES;01/09/2025;30/09/2025;31.8;
27/08/2025;GQES_Q+1;PVB;ES;01/10/2025;31/12/2025;32.31;
27/08/2025;GYES_Y+1;PVB;ES;01/01/2026;31/12/2026;31.13;
26/08/2025;GDAES_D+1;PVB;ES;27/08/2025;27/08/2025;32.82;
26/08/2025;GMAES;PVB;ES;01/09/2025;30/09/2025;32.73;
26/08/2025;GQES_Q+1;PVB;ES;01/10/2025;31/12/2025;33.38;
26/08/2025;GYES_Y+1;PVB;ES;01/01/2026;31/12/2026;32.28;
25/08/2025;GDAES_D+1;PVB;ES;26/08/2025;26/08/2025;33.38;
25/08/2025;GMAES;PVB;ES;01/09/2025;30/09/2025;33.13;
25/08/2025;GQES_Q+1;PVB;ES;01/10/2025;31/12/2025;33.54;
25/08/2025;GYES_Y+1;PVB;ES;01/01/2026;31/12/2026;32.25;
24/08/2025;GDAES_D+1;PVB;ES;25/08/2025;25/08/2025;33.49;
23/08/2025;GDAES_D+1;PVB;ES;24/08/2025;24/08/2025;33.47;
22/08/2025;GDAES_D+1;PVB;ES;23/08/2025;23/08/2025;32.93;
22/08/2025;GMAES;PVB;ES;01/09/2025;30/09/2025;32.7;
22/08/2025;GQES_Q+1;PVB;ES;01/10/2025;31/12/2025;33.55;
22/08/2025;GYES_Y+1;PVB;ES;01/01/2026;31/12/2026;32.2;
21/08/2025;GDAES_D+1;PVB;ES;22/08/2025;22/08/2025;32.51;
21/08/2025;GMAES;PVB;ES;01/09/2025;30/09/2025;32.5;
21/08/2025;GQES_Q+1;PVB;ES;01/10/2025;31/12/2025;33;
21/08/2025;GYES_Y+1;PVB;ES;01/01/2026;31/12/2026;31.68;
20/08/2025;GDAES_D+1;PVB;ES;21/08/2025;21/08/2025;31.74;
20/08/2025;GMAES;PVB;ES;01/09/2025;30/09/2025;31.31;
20/08/2025;GQES_Q+1;PVB;ES;01/10/2025;31/12/2025;32.56;
20/08/2025;GYES_Y+1;PVB;ES;01/01/2026;31/12/2026;31.57;
19/08/2025;GDAES_D+1;PVB;ES;20/08/2025;20/08/2025;30.87;
19/08/2025;GMAES;PVB;ES;01/09/2025;30/09/2025;30.68;
19/08/2025;GQES_Q+1;PVB;ES;01/10/2025;31/12/2025;31.74;
19/08/2025;GYES_Y+1;PVB;ES;01/01/2026;31/12/2026;30.9;
18/08/2025;GDAES_D+1;PVB;ES;19/08/2025;19/08/2025;30.89;
18/08/2025;GMAES;PVB;ES;01/09/2025;30/09/2025;30.53;
18/08/2025;GQES_Q+1;PVB;ES;01/10/2025;31/12/2025;31.48;
18/08/2025;GYES_Y+1;PVB;ES;01/01/2026;31/12/2026;30.45;
17/08/2025;GDAES_D+1;PVB;ES;18/08/2025;18/08/2025;32.28;
16/08/2025;GDAES_D+1;PVB;ES;17/08/2025;17/08/2025;31.54;
15/08/2025;GDAES_D+1;PVB;ES;16/08/2025;16/08/2025;30.7;
15/08/2025;GMAES;PVB;ES;01/09/2025;30/09/2025;30.83;
15/08/2025;GQES_Q+1;PVB;ES;01/10/2025;31/12/2025;31.97;
15/08/2025;GYES_Y+1;PVB;ES;01/01/2026;31/12/2026;30.97;
14/08/2025;GDAES_D+1;PVB;ES;15/08/2025;15/08/2025;31.99;
14/08/2025;GMAES;PVB;ES;01/09/2025;30/09/2025;31.83;
14/08/2025;GQES_Q+1;PVB;ES;01/10/2025;31/12/2025;32.98;
14/08/2025;GYES_Y+1;PVB;ES;01/01/2026;31/12/2026;31.75;
13/08/2025;GDAES_D+1;PVB;ES;14/08/2025;14/08/2025;32.6;
13/08/2025;GMAES;PVB;ES;01/09/2025;30/09/2025;32.29;
13/08/2025;GQES_Q+1;PVB;ES;01/10/2025;31/12/2025;33.4;
13/08/2025;GYES_Y+1;PVB;ES;01/01/2026;31/12/2026;32.06;
12/08/2025;GDAES_D+1;PVB;ES;13/08/2025;13/08/2025;32.2;
12/08/2025;GMAES;PVB;ES;01/09/2025;30/09/2025;31.98;
12/08/2025;GQES_Q+1;PVB;ES;01/10/2025;31/12/2025;32.68;
12/08/2025;GYES_Y+1;PVB;ES;01/01/2026;31/12/2026;31.73;
11/08/2025;GDAES_D+1;PVB;ES;12/08/2025;12/08/2025;32.86;
11/08/2025;GMAES;PVB;ES;01/09/2025;30/09/2025;32.55;
11/08/2025;GQES_Q+1;PVB;ES;01/10/2025;31/12/2025;33.13;
11/08/2025;GYES_Y+1;PVB;ES;01/01/2026;31/12/2026;32.05;
10/08/2025;GDAES_D+1;PVB;ES;11/08/2025;11/08/2025;32.55;
09/08/2025;GDAES_D+1;PVB;ES;10/08/2025;10/08/2025;32.48;
08/08/2025;GDAES_D+1;PVB;ES;09/08/2025;09/08/2025;32.27;
08/08/2025;GMAES;PVB;ES;01/09/2025;30/09/2025;32.22;
08/08/2025;GQES_Q+1;PVB;ES;01/10/2025;31/12/2025;33.18;
08/08/2025;GYES_Y+1;PVB;ES;01/01/2026;31/12/2026;32.15;
07/08/2025;GDAES_D+1;PVB;ES;08/08/2025;08/08/2025;32.98;
07/08/2025;GMAES;PVB;ES;01/09/2025;30/09/2025;32.98;
07/08/2025;GQES_Q+1;PVB;ES;01/10/2025;31/12/2025;33.53;
07/08/2025;GYES_Y+1;PVB;ES;01/01/2026;31/12/2026;32.33;
06/08/2025;GDAES_D+1;PVB;ES;07/08/2025;07/08/2025;33.18;
06/08/2025;GMAES;PVB;ES;01/09/2025;30/09/2025;33.03;
06/08/2025;GQES_Q+1;PVB;ES;01/10/2025;31/12/2025;33.65;
06/08/2025;GYES_Y+1;PVB;ES;01/01/2026;31/12/2026;32.43;
05/08/2025;GDAES_D+1;PVB;ES;06/08/2025;06/08/2025;34.33;
05/08/2025;GMAES;PVB;ES;01/09/2025;30/09/2025;34.05;
05/08/2025;GQES_Q+1;PVB;ES;01/10/2025;31/12/2025;34.78;
05/08/2025;GYES_Y+1;PVB;ES;01/01/2026;31/12/2026;33.23;
04/08/2025;GDAES_D+1;PVB;ES;05/08/2025;05/08/2025;34.22;
04/08/2025;GMAES;PVB;ES;01/09/2025;30/09/2025;33.93;
04/08/2025;GQES_Q+1;PVB;ES;01/10/2025;31/12/2025;34.61;
04/08/2025;GYES_Y+1;PVB;ES;01/01/2026;31/12/2026;33.33;
03/08/2025;GDAES_D+1;PVB;ES;04/08/2025;04/08/2025;33.89;
02/08/2025;GDAES_D+1;PVB;ES;03/08/2025;03/08/2025;33.77;
01/08/2025;GDAES_D+1;PVB;ES;02/08/2025;02/08/2025;34.04;
01/08/2025;GMAES;PVB;ES;01/09/2025;30/09/2025;33.63;
01/08/2025;GQES_Q+1;PVB;ES;01/10/2025;31/12/2025;34.35;
01/08/2025;GYES_Y+1;PVB;ES;01/01/2026;31/12/2026;32.98;
31/07/2025;GDAES_D+1;PVB;ES;01/08/2025;01/08/2025;35.06;
31/07/2025;GMAES;PVB;ES;01/08/2025;31/08/2025;35.14;
31/07/2025;GQES_Q+1;PVB;ES;01/10/2025;31/12/2025;36;
31/07/2025;GYES_Y+1;PVB;ES;01/01/2026;31/12/2026;34.4;
30/07/2025;GDAES_D+1;PVB;ES;31/07/2025;31/07/2025;34.85;
30/07/2025;GMAES;PVB;ES;01/08/2025;31/08/2025;34.2;
30/07/2025;GQES_Q+1;PVB;ES;01/10/2025;31/12/2025;35.28;
30/07/2025;GYES_Y+1;PVB;ES;01/01/2026;31/12/2026;33.88;
29/07/2025;GDAES_D+1;PVB;ES;30/07/2025;30/07/2025;34.02;
29/07/2025;GMAES;PVB;ES;01/08/2025;31/08/2025;33.75;
29/07/2025;GQES_Q+1;PVB;ES;01/10/2025;31/12/2025;34.98;
29/07/2025;GYES_Y+1;PVB;ES;01/01/2026;31/12/2026;33.73;
28/07/2025;GDAES_D+1;PVB;ES;29/07/2025;29/07/2025;32.99;
28/07/2025;GMAES;PVB;ES;01/08/2025;31/08/2025;32.68;
28/07/2025;GQES_Q+1;PVB;ES;01/10/2025;31/12/2025;34.1;
28/07/2025;GYES_Y+1;PVB;ES;01/01/2026;31/12/2026;32.98;
27/07/2025;GDAES_D+1;PVB;ES;28/07/2025;28/07/2025;32.8;
26/07/2025;GDAES_D+1;PVB;ES;27/07/2025;27/07/2025;32.92;
25/07/2025;GDAES_D+1;PVB;ES;26/07/2025;26/07/2025;32.39;
25/07/2025;GMAES;PVB;ES;01/08/2025;31/08/2025;32.25;
25/07/2025;GQES_Q+1;PVB;ES;01/10/2025;31/12/2025;33.5;
25/07/2025;GYES_Y+1;PVB;ES;01/01/2026;31/12/2026;32.34;
24/07/2025;GDAES_D+1;PVB;ES;25/07/2025;25/07/2025;32.39;
24/07/2025;GMAES;PVB;ES;01/08/2025;31/08/2025;31.95;
24/07/2025;GQES_Q+1;PVB;ES;01/10/2025;31/12/2025;33.35;
24/07/2025;GYES_Y+1;PVB;ES;01/01/2026;31/12/2026;32.33;
23/07/2025;GDAES_D+1;PVB;ES;24/07/2025;24/07/2025;32.59;
23/07/2025;GMAES;PVB;ES;01/08/2025;31/08/2025;32.48;
23/07/2025;GQES_Q+1;PVB;ES;01/10/2025;31/12/2025;33.63;
23/07/2025;GYES_Y+1;PVB;ES;01/01/2026;31/12/2026;32.43;
22/07/2025;GDAES_D+1;PVB;ES;23/07/2025;23/07/2025;33.03;
22/07/2025;GMAES;PVB;ES;01/08/2025;31/08/2025;33.05;
22/07/2025;GQES_Q+1;PVB;ES;01/10/2025;31/12/2025;33.99;
22/07/2025;GYES_Y+1;PVB;ES;01/01/2026;31/12/2026;32.58;
21/07/2025;GDAES_D+1;PVB;ES;22/07/2025;22/07/2025;33.09;
21/07/2025;GMAES;PVB;ES;01/08/2025;31/08/2025;33.03;
21/07/2025;GQES_Q+1;PVB;ES;01/10/2025;31/12/2025;33.9;
21/07/2025;GYES_Y+1;PVB;ES;01/01/2026;31/12/2026;32.45;
20/07/2025;GDAES_D+1;PVB;ES;21/07/2025;21/07/2025;34.2;
19/07/2025;GDAES_D+1;PVB;ES;20/07/2025;20/07/2025;34;
18/07/2025;GDAES_D+1;PVB;ES;19/07/2025;19/07/2025;33.82;
18/07/2025;GMAES;PVB;ES;01/08/2025;31/08/2025;33.23;
18/07/2025;GQES_Q+1;PVB;ES;01/10/2025;31/12/2025;34.2;
18/07/2025;GYES_Y+1;PVB;ES;01/01/2026;31/12/2026;32.83;
17/07/2025;GDAES_D+1;PVB;ES;18/07/2025;18/07/2025;34.43;
17/07/2025;GMAES;PVB;ES;01/08/2025;31/08/2025;34.23;
17/07/2025;GQES_Q+1;PVB;ES;01/10/2025;31/12/2025;35.1;
17/07/2025;GYES_Y+1;PVB;ES;01/01/2026;31/12/2026;33.58;
16/07/2025;GDAES_D+1;PVB;ES;17/07/2025;17/07/2025;34.8;
16/07/2025;GMAES;PVB;ES;01/08/2025;31/08/2025;34.43;
16/07/2025;GQES_Q+1;PVB;ES;01/10/2025;31/12/2025;35.3;
16/07/2025;GYES_Y+1;PVB;ES;01/01/2026;31/12/2026;33.58;
15/07/2025;GDAES_D+1;PVB;ES;16/07/2025;16/07/2025;34.42;
15/07/2025;GMAES;PVB;ES;01/08/2025;31/08/2025;34.13;
15/07/2025;GQES_Q+1;PVB;ES;01/10/2025;31/12/2025;35.54;
15/07/2025;GYES_Y+1;PVB;ES;01/01/2026;31/12/2026;33.94;
14/07/2025;GDAES_D+1;PVB;ES;15/07/2025;15/07/2025;35.17;
14/07/2025;GMAES;PVB;ES;01/08/2025;31/08/2025;34.88;
14/07/2025;GQES_Q+1;PVB;ES;01/10/2025;31/12/2025;35.9;
14/07/2025;GYES_Y+1;PVB;ES;01/01/2026;31/12/2026;33.98;
13/07/2025;GDAES_D+1;PVB;ES;14/07/2025;14/07/2025;36.25;
12/07/2025;GDAES_D+1;PVB;ES;13/07/2025;13/07/2025;37.02;
11/07/2025;GDAES_D+1;PVB;ES;12/07/2025;12/07/2025;35.53;
11/07/2025;GMAES;PVB;ES;01/08/2025;31/08/2025;35.38;
11/07/2025;GQES_Q+1;PVB;ES;01/10/2025;31/12/2025;36.3;
11/07/2025;GYES_Y+1;PVB;ES;01/01/2026;31/12/2026;34.23;
10/07/2025;GDAES_D+1;PVB;ES;11/07/2025;11/07/2025;35.16;
10/07/2025;GMAES;PVB;ES;01/08/2025;31/08/2025;34.83;
10/07/2025;GQES_Q+1;PVB;ES;01/10/2025;31/12/2025;35.9;
10/07/2025;GYES_Y+1;PVB;ES;01/01/2026;31/12/2026;34.03;
09/07/2025;GDAES_D+1;PVB;ES;10/07/2025;10/07/2025;34.58;
09/07/2025;GMAES;PVB;ES;01/08/2025;31/08/2025;34.35;
09/07/2025;GQES_Q+1;PVB;ES;01/10/2025;31/12/2025;35.4;
09/07/2025;GYES_Y+1;PVB;ES;01/01/2026;31/12/2026;33.78;
08/07/2025;GDAES_D+1;PVB;ES;09/07/2025;09/07/2025;34.31;
08/07/2025;GMAES;PVB;ES;01/08/2025;31/08/2025;34.08;
08/07/2025;GQES_Q+1;PVB;ES;01/10/2025;31/12/2025;35.21;
08/07/2025;GYES_Y+1;PVB;ES;01/01/2026;31/12/2026;33.53;
07/07/2025;GDAES_D+1;PVB;ES;08/07/2025;08/07/2025;33.58;
07/07/2025;GMAES;PVB;ES;01/08/2025;31/08/2025;33.38;
07/07/2025;GQES_Q+1;PVB;ES;01/10/2025;31/12/2025;34.75;
07/07/2025;GYES_Y+1;PVB;ES;01/01/2026;31/12/2026;33.23;
06/07/2025;GDAES_D+1;PVB;ES;07/07/2025;07/07/2025;33.39;
05/07/2025;GDAES_D+1;PVB;ES;06/07/2025;06/07/2025;33.5;
04/07/2025;GDAES_D+1;PVB;ES;05/07/2025;05/07/2025;33.33;
04/07/2025;GMAES;PVB;ES;01/08/2025;31/08/2025;33.15;
04/07/2025;GQES_Q+1;PVB;ES;01/10/2025;31/12/2025;34.53;
04/07/2025;GYES_Y+1;PVB;ES;01/01/2026;31/12/2026;32.93;
03/07/2025;GDAES_D+1;PVB;ES;04/07/2025;04/07/2025;33.43;
03/07/2025;GMAES;PVB;ES;01/08/2025;31/08/2025;33.28;
03/07/2025;GQES_Q+1;PVB;ES;01/10/2025;31/12/2025;34.73;
03/07/2025;GYES_Y+1;PVB;ES;01/01/2026;31/12/2026;33.13;
02/07/2025;GDAES_D+1;PVB;ES;03/07/2025;03/07/2025;33.54;
02/07/2025;GMAES;PVB;ES;01/08/2025;31/08/2025;33.3;
02/07/2025;GQES_Q+1;PVB;ES;01/10/2025;31/12/2025;34.55;
02/07/2025;GYES_Y+1;PVB;ES;01/01/2026;31/12/2026;32.93;
01/07/2025;GDAES_D+1;PVB;ES;02/07/2025;02/07/2025;33.55;
01/07/2025;GMAES;PVB;ES;01/08/2025;31/08/2025;33.53;
01/07/2025;GQES_Q+1;PVB;ES;01/10/2025;31/12/2025;34.6;
01/07/2025;GYES_Y+1;PVB;ES;01/01/2026;31/12/2026;32.88;
30/06/2025;GDAES_D+1;PVB;ES;01/07/2025;01/07/2025;33.2;
30/06/2025;GMAES;PVB;ES;01/07/2025;31/07/2025;33.15;
30/06/2025;GYES_Y+1;PVB;ES;01/01/2026;31/12/2026;32.84;
29/06/2025;GDAES_D+1;PVB;ES;30/06/2025;30/06/2025;34.23;
28/06/2025;GDAES_D+1;PVB;ES;29/06/2025;29/06/2025;33.83;
27/06/2025;GDAES_D+1;PVB;ES;28/06/2025;28/06/2025;33.36;
27/06/2025;GMAES;PVB;ES;01/07/2025;31/07/2025;33.08;
27/06/2025;GQES_Q+1;PVB;ES;01/07/2025;30/09/2025;33.28;
27/06/2025;GYES_Y+1;PVB;ES;01/01/2026;31/12/2026;32.93;
26/06/2025;GDAES_D+1;PVB;ES;27/06/2025;27/06/2025;33.94;
26/06/2025;GMAES;PVB;ES;01/07/2025;31/07/2025;33.73;
26/06/2025;GQES_Q+1;PVB;ES;01/07/2025;30/09/2025;34.05;
26/06/2025;GYES_Y+1;PVB;ES;01/01/2026;31/12/2026;33.38;
25/06/2025;GDAES_D+1;PVB;ES;26/06/2025;26/06/2025;35.42;
25/06/2025;GMAES;PVB;ES;01/07/2025;31/07/2025;35.38;
25/06/2025;GQES_Q+1;PVB;ES;01/07/2025;30/09/2025;35.7;
25/06/2025;GYES_Y+1;PVB;ES;01/01/2026;31/12/2026;34.1;
24/06/2025;GDAES_D+1;PVB;ES;25/06/2025;25/06/2025;35.7;
24/06/2025;GMAES;PVB;ES;01/07/2025;31/07/2025;35.43;
24/06/2025;GQES_Q+1;PVB;ES;01/07/2025;30/09/2025;35.7;
24/06/2025;GYES_Y+1;PVB;ES;01/01/2026;31/12/2026;33.93;
23/06/2025;GDAES_D+1;PVB;ES;24/06/2025;24/06/2025;40.39;
23/06/2025;GMAES;PVB;ES;01/07/2025;31/07/2025;39.98;
23/06/2025;GQES_Q+1;PVB;ES;01/07/2025;30/09/2025;40.58;
23/06/2025;GYES_Y+1;PVB;ES;01/01/2026;31/12/2026;36.93;
22/06/2025;GDAES_D+1;PVB;ES;23/06/2025;23/06/2025;44.79;
21/06/2025;GDAES_D+1;PVB;ES;22/06/2025;22/06/2025;41.42;
20/06/2025;GDAES_D+1;PVB;ES;21/06/2025;21/06/2025;40.9;
20/06/2025;GMAES;PVB;ES;01/07/2025;31/07/2025;40.63;
20/06/2025;GQES_Q+1;PVB;ES;01/07/2025;30/09/2025;41.15;
20/06/2025;GYES_Y+1;PVB;ES;01/01/2026;31/12/2026;37.83;
19/06/2025;GDAES_D+1;PVB;ES;20/06/2025;20/06/2025;41.45;
19/06/2025;GMAES;PVB;ES;01/07/2025;31/07/2025;41.15;
19/06/2025;GQES_Q+1;PVB;ES;01/07/2025;30/09/2025;41.6;
19/06/2025;GYES_Y+1;PVB;ES;01/01/2026;31/12/2026;37.68;
18/06/2025;GDAES_D+1;PVB;ES;19/06/2025;19/06/2025;38.53;
18/06/2025;GMAES;PVB;ES;01/07/2025;31/07/2025;38.18;
18/06/2025;GQES_Q+1;PVB;ES;01/07/2025;30/09/2025;38.55;
18/06/2025;GYES_Y+1;PVB;ES;01/01/2026;31/12/2026;35.88;
17/06/2025;GDAES_D+1;PVB;ES;18/06/2025;18/06/2025;38.89;
17/06/2025;GMAES;PVB;ES;01/07/2025;31/07/2025;38.69;
17/06/2025;GQES_Q+1;PVB;ES;01/07/2025;30/09/2025;39.08;
17/06/2025;GYES_Y+1;PVB;ES;01/01/2026;31/12/2026;36.18;
16/06/2025;GDAES_D+1;PVB;ES;17/06/2025;17/06/2025;37.56;
16/06/2025;GMAES;PVB;ES;01/07/2025;31/07/2025;37.62;
16/06/2025;GQES_Q+1;PVB;ES;01/07/2025;30/09/2025;37.7;
16/06/2025;GYES_Y+1;PVB;ES;01/01/2026;31/12/2026;35.38;
15/06/2025;GDAES_D+1;PVB;ES;16/06/2025;16/06/2025;38.41;
14/06/2025;GDAES_D+1;PVB;ES;15/06/2025;15/06/2025;37.33;
13/06/2025;GDAES_D+1;PVB;ES;14/06/2025;14/06/2025;37.43;
13/06/2025;GMAES;PVB;ES;01/07/2025;31/07/2025;37.4;
13/06/2025;GQES_Q+1;PVB;ES;01/07/2025;30/09/2025;37.71;
13/06/2025;GYES_Y+1;PVB;ES;01/01/2026;31/12/2026;35.38;
12/06/2025;GDAES_D+1;PVB;ES;13/06/2025;13/06/2025;35.99;
12/06/2025;GMAES;PVB;ES;01/07/2025;31/07/2025;35.98;
12/06/2025;GQES_Q+1;PVB;ES;01/07/2025;30/09/2025;36.18;
12/06/2025;GYES_Y+1;PVB;ES;01/01/2026;31/12/2026;34.23;
11/06/2025;GDAES_D+1;PVB;ES;12/06/2025;12/06/2025;35.55;
11/06/2025;GMAES;PVB;ES;01/07/2025;31/07/2025;35.38;
11/06/2025;GQES_Q+1;PVB;ES;01/07/2025;30/09/2025;35.76;
11/06/2025;GYES_Y+1;PVB;ES;01/01/2026;31/12/2026;33.93;
10/06/2025;GDAES_D+1;PVB;ES;11/06/2025;11/06/2025;34.3;
10/06/2025;GMAES;PVB;ES;01/07/2025;31/07/2025;34.32;
10/06/2025;GQES_Q+1;PVB;ES;01/07/2025;30/09/2025;34.48;
10/06/2025;GYES_Y+1;PVB;ES;01/01/2026;31/12/2026;32.98;
09/06/2025;GDAES_D+1;PVB;ES;10/06/2025;10/06/2025;35.2;
09/06/2025;GMAES;PVB;ES;01/07/2025;31/07/2025;35.08;
09/06/2025;GQES_Q+1;PVB;ES;01/07/2025;30/09/2025;35.44;
09/06/2025;GYES_Y+1;PVB;ES;01/01/2026;31/12/2026;33.63;
08/06/2025;GDAES_D+1;PVB;ES;09/06/2025;09/06/2025;36.24;
07/06/2025;GDAES_D+1;PVB;ES;08/06/2025;08/06/2025;36;
06/06/2025;GDAES_D+1;PVB;ES;07/06/2025;07/06/2025;35.68;
06/06/2025;GMAES;PVB;ES;01/07/2025;31/07/2025;35.63;
06/06/2025;GQES_Q+1;PVB;ES;01/07/2025;30/09/2025;35.85;
06/06/2025;GYES_Y+1;PVB;ES;01/01/2026;31/12/2026;34.03;
05/06/2025;GDAES_D+1;PVB;ES;06/06/2025;06/06/2025;35.79;
05/06/2025;GMAES;PVB;ES;01/07/2025;31/07/2025;35.88;
05/06/2025;GQES_Q+1;PVB;ES;01/07/2025;30/09/2025;36.06;
05/06/2025;GYES_Y+1;PVB;ES;01/01/2026;31/12/2026;33.88;
04/06/2025;GDAES_D+1;PVB;ES;05/06/2025;05/06/2025;34.81;
04/06/2025;GMAES;PVB;ES;01/07/2025;31/07/2025;34.75;
04/06/2025;GQES_Q+1;PVB;ES;01/07/2025;30/09/2025;35.18;
04/06/2025;GYES_Y+1;PVB;ES;01/01/2026;31/12/2026;33.23;
03/06/2025;GDAES_D+1;PVB;ES;04/06/2025;04/06/2025;35.21;
03/06/2025;GMAES;PVB;ES;01/07/2025;31/07/2025;34.98;
03/06/2025;GQES_Q+1;PVB;ES;01/07/2025;30/09/2025;35.21;
03/06/2025;GYES_Y+1;PVB;ES;01/01/2026;31/12/2026;33.63;
02/06/2025;GDAES_D+1;PVB;ES;03/06/2025;03/06/2025;34.47;
02/06/2025;GMAES;PVB;ES;01/07/2025;31/07/2025;34.3;
02/06/2025;GQES_Q+1;PVB;ES;01/07/2025;30/09/2025;34.6;
02/06/2025;GYES_Y+1;PVB;ES;01/01/2026;31/12/2026;32.78;
01/06/2025;GDAES_D+1;PVB;ES;02/06/2025;02/06/2025;33.79;
31/05/2025;GDAES_D+1;PVB;ES;01/06/2025;01/06/2025;33.52;
30/05/2025;GDAES_D+1;PVB;ES;31/05/2025;31/05/2025;33.37;
30/05/2025;GMAES;PVB;ES;01/06/2025;30/06/2025;33.64;
30/05/2025;GQES_Q+1;PVB;ES;01/07/2025;30/09/2025;33.82;
30/05/2025;GYES_Y+1;PVB;ES;01/01/2026;31/12/2026;32.18;
29/05/2025;GDAES_D+1;PVB;ES;30/05/2025;30/05/2025;34.1;
29/05/2025;GMAES;PVB;ES;01/06/2025;30/06/2025;34.33;
29/05/2025;GQES_Q+1;PVB;ES;01/07/2025;30/09/2025;34.7;
29/05/2025;GYES_Y+1;PVB;ES;01/01/2026;31/12/2026;33.18;
28/05/2025;GDAES_D+1;PVB;ES;29/05/2025;29/05/2025;35.45;
28/05/2025;GMAES;PVB;ES;01/06/2025;30/06/2025;35.78;
28/05/2025;GQES_Q+1;PVB;ES;01/07/2025;30/09/2025;36.05;
28/05/2025;GYES_Y+1;PVB;ES;01/01/2026;31/12/2026;34.33;
27/05/2025;GDAES_D+1;PVB;ES;28/05/2025;28/05/2025;35.57;
27/05/2025;GMAES;PVB;ES;01/06/2025;30/06/2025;35.78;
27/05/2025;GQES_Q+1;PVB;ES;01/07/2025;30/09/2025;36.35;
27/05/2025;GYES_Y+1;PVB;ES;01/01/2026;31/12/2026;34.33;
26/05/2025;GDAES_D+1;PVB;ES;27/05/2025;27/05/2025;36.33;
26/05/2025;GMAES;PVB;ES;01/06/2025;30/06/2025;36.28;
26/05/2025;GQES_Q+1;PVB;ES;01/07/2025;30/09/2025;36.65;
26/05/2025;GYES_Y+1;PVB;ES;01/01/2026;31/12/2026;34.83;
25/05/2025;GDAES_D+1;PVB;ES;26/05/2025;26/05/2025;36.26;
24/05/2025;GDAES_D+1;PVB;ES;25/05/2025;25/05/2025;36.45;
23/05/2025;GDAES_D+1;PVB;ES;24/05/2025;24/05/2025;35.44;
23/05/2025;GMAES;PVB;ES;01/06/2025;30/06/2025;35.38;
23/05/2025;GQES_Q+1;PVB;ES;01/07/2025;30/09/2025;35.7;
23/05/2025;GYES_Y+1;PVB;ES;01/01/2026;31/12/2026;34.33;
22/05/2025;GDAES_D+1;PVB;ES;23/05/2025;23/05/2025;34.95;
22/05/2025;GMAES;PVB;ES;01/06/2025;30/06/2025;35.25;
22/05/2025;GQES_Q+1;PVB;ES;01/07/2025;30/09/2025;35.45;
22/05/2025;GYES_Y+1;PVB;ES;01/01/2026;31/12/2026;34.03;
21/05/2025;GDAES_D+1;PVB;ES;22/05/2025;22/05/2025;36.02;
21/05/2025;GMAES;PVB;ES;01/06/2025;30/06/2025;35.68;
21/05/2025;GQES_Q+1;PVB;ES;01/07/2025;30/09/2025;35.88;
21/05/2025;GYES_Y+1;PVB;ES;01/01/2026;31/12/2026;34.33;
20/05/2025;GDAES_D+1;PVB;ES;21/05/2025;21/05/2025;36.06;
20/05/2025;GMAES;PVB;ES;01/06/2025;30/06/2025;36.08;
20/05/2025;GQES_Q+1;PVB;ES;01/07/2025;30/09/2025;36.45;
20/05/2025;GYES_Y+1;PVB;ES;01/01/2026;31/12/2026;34.28;
19/05/2025;GDAES_D+1;PVB;ES;20/05/2025;20/05/2025;34.29;
19/05/2025;GMAES;PVB;ES;01/06/2025;30/06/2025;33.95;
19/05/2025;GQES_Q+1;PVB;ES;01/07/2025;30/09/2025;34.4;
19/05/2025;GYES_Y+1;PVB;ES;01/01/2026;31/12/2026;33.03;
18/05/2025;GDAES_D+1;PVB;ES;19/05/2025;19/05/2025;34.36;
17/05/2025;GDAES_D+1;PVB;ES;18/05/2025;18/05/2025;34.19;
16/05/2025;GDAES_D+1;PVB;ES;17/05/2025;17/05/2025;34.19;
16/05/2025;GMAES;PVB;ES;01/06/2025;30/06/2025;34.03;
16/05/2025;GQES_Q+1;PVB;ES;01/07/2025;30/09/2025;34.95;
16/05/2025;GYES_Y+1;PVB;ES;01/01/2026;31/12/2026;33.73;
15/05/2025;GDAES_D+1;PVB;ES;16/05/2025;16/05/2025;34.13;
15/05/2025;GMAES;PVB;ES;01/06/2025;30/06/2025;34.01;
15/05/2025;GQES_Q+1;PVB;ES;01/07/2025;30/09/2025;34.6;
15/05/2025;GYES_Y+1;PVB;ES;01/01/2026;31/12/2026;33.06;
14/05/2025;GDAES_D+1;PVB;ES;15/05/2025;15/05/2025;33.82;
14/05/2025;GMAES;PVB;ES;01/06/2025;30/06/2025;33.62;
14/05/2025;GQES_Q+1;PVB;ES;01/07/2025;30/09/2025;34.2;
14/05/2025;GYES_Y+1;PVB;ES;01/01/2026;31/12/2026;33.03;
13/05/2025;GDAES_D+1;PVB;ES;14/05/2025;14/05/2025;34.58;
13/05/2025;GMAES;PVB;ES;01/06/2025;30/06/2025;34.28;
13/05/2025;GQES_Q+1;PVB;ES;01/07/2025;30/09/2025;34.85;
13/05/2025;GYES_Y+1;PVB;ES;01/01/2026;31/12/2026;33.58;
12/05/2025;GDAES_D+1;PVB;ES;13/05/2025;13/05/2025;34.16;
12/05/2025;GMAES;PVB;ES;01/06/2025;30/06/2025;33.93;
12/05/2025;GQES_Q+1;PVB;ES;01/07/2025;30/09/2025;34.5;
12/05/2025;GYES_Y+1;PVB;ES;01/01/2026;31/12/2026;33.33;
11/05/2025;GDAES_D+1;PVB;ES;12/05/2025;12/05/2025;33.91;
10/05/2025;GDAES_D+1;PVB;ES;11/05/2025;11/05/2025;33.85;
09/05/2025;GDAES_D+1;PVB;ES;10/05/2025;10/05/2025;33.51;
09/05/2025;GMAES;PVB;ES;01/06/2025;30/06/2025;33.53;
09/05/2025;GQES_Q+1;PVB;ES;01/07/2025;30/09/2025;34.25;
09/05/2025;GYES_Y+1;PVB;ES;01/01/2026;31/12/2026;33.14;
08/05/2025;GDAES_D+1;PVB;ES;09/05/2025;09/05/2025;34.21;
08/05/2025;GMAES;PVB;ES;01/06/2025;30/06/2025;34.28;
08/05/2025;GQES_Q+1;PVB;ES;01/07/2025;30/09/2025;34.9;
08/05/2025;GYES_Y+1;PVB;ES;01/01/2026;31/12/2026;33.33;
07/05/2025;GDAES_D+1;PVB;ES;08/05/2025;08/05/2025;33.05;
07/05/2025;GMAES;PVB;ES;01/06/2025;30/06/2025;32.95;
07/05/2025;GQES_Q+1;PVB;ES;01/07/2025;30/09/2025;33.7;
07/05/2025;GYES_Y+1;PVB;ES;01/01/2026;31/12/2026;32.58;
06/05/2025;GDAES_D+1;PVB;ES;07/05/2025;07/05/2025;33.31;
06/05/2025;GMAES;PVB;ES;01/06/2025;30/06/2025;33.36;
06/05/2025;GQES_Q+1;PVB;ES;01/07/2025;30/09/2025;34.23;
06/05/2025;GYES_Y+1;PVB;ES;01/01/2026;31/12/2026;32.93;
05/05/2025;GDAES_D+1;PVB;ES;06/05/2025;06/05/2025;31.65;
05/05/2025;GMAES;PVB;ES;01/06/2025;30/06/2025;31.65;
05/05/2025;GQES_Q+1;PVB;ES;01/07/2025;30/09/2025;32.51;
05/05/2025;GYES_Y+1;PVB;ES;01/01/2026;31/12/2026;31.63;
04/05/2025;GDAES_D+1;PVB;ES;05/05/2025;05/05/2025;31.63;
03/05/2025;GDAES_D+1;PVB;ES;04/05/2025;04/05/2025;31.57;
02/05/2025;GDAES_D+1;PVB;ES;03/05/2025;03/05/2025;32.55;
02/05/2025;GMAES;PVB;ES;01/06/2025;30/06/2025;32.2;
02/05/2025;GQES_Q+1;PVB;ES;01/07/2025;30/09/2025;32.51;
02/05/2025;GYES_Y+1;PVB;ES;01/01/2026;31/12/2026;31.16;
01/05/2025;GDAES_D+1;PVB;ES;02/05/2025;02/05/2025;30.66;
30/04/2025;GDAES_D+1;PVB;ES;01/05/2025;01/05/2025;30.91;
30/04/2025;GMAES;PVB;ES;01/05/2025;31/05/2025;30.78;
30/04/2025;GQES_Q+1;PVB;ES;01/07/2025;30/09/2025;31.12;
30/04/2025;GYES_Y+1;PVB;ES;01/01/2026;31/12/2026;29.63;
29/04/2025;GDAES_D+1;PVB;ES;30/04/2025;30/04/2025;30.42;
29/04/2025;GMAES;PVB;ES;01/05/2025;31/05/2025;30.28;
29/04/2025;GQES_Q+1;PVB;ES;01/07/2025;30/09/2025;31.48;
29/04/2025;GYES_Y+1;PVB;ES;01/01/2026;31/12/2026;30.02;
28/04/2025;GDAES_D+1;PVB;ES;29/04/2025;29/04/2025;30.47;
28/04/2025;GMAES;PVB;ES;01/05/2025;31/05/2025;30.83;
28/04/2025;GQES_Q+1;PVB;ES;01/07/2025;30/09/2025;31.88;
28/04/2025;GYES_Y+1;PVB;ES;01/01/2026;31/12/2026;30.3;
27/04/2025;GDAES_D+1;PVB;ES;28/04/2025;28/04/2025;30.09;
26/04/2025;GDAES_D+1;PVB;ES;27/04/2025;27/04/2025;30.83;
25/04/2025;GDAES_D+1;PVB;ES;26/04/2025;26/04/2025;30.9;
25/04/2025;GMAES;PVB;ES;01/05/2025;31/05/2025;30.68;
25/04/2025;GQES_Q+1;PVB;ES;01/07/2025;30/09/2025;32.13;
25/04/2025;GYES_Y+1;PVB;ES;01/01/2026;31/12/2026;30.49;
24/04/2025;GDAES_D+1;PVB;ES;25/04/2025;25/04/2025;32.11;
24/04/2025;GMAES;PVB;ES;01/05/2025;31/05/2025;32;
24/04/2025;GQES_Q+1;PVB;ES;01/07/2025;30/09/2025;33.09;
24/04/2025;GYES_Y+1;PVB;ES;01/01/2026;31/12/2026;31.43;
23/04/2025;GDAES_D+1;PVB;ES;24/04/2025;24/04/2025;32.44;
23/04/2025;GMAES;PVB;ES;01/05/2025;31/05/2025;32.4;
23/04/2025;GQES_Q+1;PVB;ES;01/07/2025;30/09/2025;33.5;
23/04/2025;GYES_Y+1;PVB;ES;01/01/2026;31/12/2026;31.53;
22/04/2025;GDAES_D+1;PVB;ES;23/04/2025;23/04/2025;32.41;
22/04/2025;GMAES;PVB;ES;01/05/2025;31/05/2025;32.48;
22/04/2025;GQES_Q+1;PVB;ES;01/07/2025;30/09/2025;33.55;
22/04/2025;GYES_Y+1;PVB;ES;01/01/2026;31/12/2026;31.67;
21/04/2025;GDAES_D+1;PVB;ES;22/04/2025;22/04/2025;35.1;
20/04/2025;GDAES_D+1;PVB;ES;21/04/2025;21/04/2025;35.19;
19/04/2025;GDAES_D+1;PVB;ES;20/04/2025;20/04/2025;34.58;
18/04/2025;GDAES_D+1;PVB;ES;19/04/2025;19/04/2025;34.26;
17/04/2025;GDAES_D+1;PVB;ES;18/04/2025;18/04/2025;33.13;
17/04/2025;GMAES;PVB;ES;01/05/2025;31/05/2025;33.45;
17/04/2025;GQES_Q+1;PVB;ES;01/07/2025;30/09/2025;33.9;
17/04/2025;GYES_Y+1;PVB;ES;01/01/2026;31/12/2026;31.38;
16/04/2025;GDAES_D+1;PVB;ES;17/04/2025;17/04/2025;33.41;
16/04/2025;GMAES;PVB;ES;01/05/2025;31/05/2025;33.35;
16/04/2025;GQES_Q+1;PVB;ES;01/07/2025;30/09/2025;33.78;
16/04/2025;GYES_Y+1;PVB;ES;01/01/2026;31/12/2026;31.27;
15/04/2025;GDAES_D+1;PVB;ES;16/04/2025;16/04/2025;32.02;
15/04/2025;GMAES;PVB;ES;01/05/2025;31/05/2025;32.5;
15/04/2025;GQES_Q+1;PVB;ES;01/07/2025;30/09/2025;33.83;
15/04/2025;GYES_Y+1;PVB;ES;01/01/2026;31/12/2026;32.28;
14/04/2025;GDAES_D+1;PVB;ES;15/04/2025;15/04/2025;32.69;
14/04/2025;GMAES;PVB;ES;01/05/2025;31/05/2025;33.08;
14/04/2025;GQES_Q+1;PVB;ES;01/07/2025;30/09/2025;34.03;
14/04/2025;GYES_Y+1;PVB;ES;01/01/2026;31/12/2026;32.2;
13/04/2025;GDAES_D+1;PVB;ES;14/04/2025;14/04/2025;32.01;
12/04/2025;GDAES_D+1;PVB;ES;13/04/2025;13/04/2025;32.01;
11/04/2025;GDAES_D+1;PVB;ES;12/04/2025;12/04/2025;32.57;
11/04/2025;GMAES;PVB;ES;01/05/2025;31/05/2025;32.5;
11/04/2025;GQES_Q+1;PVB;ES;01/07/2025;30/09/2025;33;
11/04/2025;GYES_Y+1;PVB;ES;01/01/2026;31/12/2026;31.87;
10/04/2025;GDAES_D+1;PVB;ES;11/04/2025;11/04/2025;31.72;
10/04/2025;GMAES;PVB;ES;01/05/2025;31/05/2025;32.63;
10/04/2025;GQES_Q+1;PVB;ES;01/07/2025;30/09/2025;33.25;
10/04/2025;GYES_Y+1;PVB;ES;01/01/2026;31/12/2026;31.58;
09/04/2025;GDAES_D+1;PVB;ES;10/04/2025;10/04/2025;31.89;
09/04/2025;GMAES;PVB;ES;01/05/2025;31/05/2025;32.57;
09/04/2025;GQES_Q+1;PVB;ES;01/07/2025;30/09/2025;33.7;
09/04/2025;GYES_Y+1;PVB;ES;01/01/2026;31/12/2026;31.88;
08/04/2025;GDAES_D+1;PVB;ES;09/04/2025;09/04/2025;35.04;
08/04/2025;GMAES;PVB;ES;01/05/2025;31/05/2025;35.01;
08/04/2025;GQES_Q+1;PVB;ES;01/07/2025;30/09/2025;36.14;
08/04/2025;GYES_Y+1;PVB;ES;01/01/2026;31/12/2026;32.73;
07/04/2025;GDAES_D+1;PVB;ES;08/04/2025;08/04/2025;34.7;
07/04/2025;GMAES;PVB;ES;01/05/2025;31/05/2025;35.47;
07/04/2025;GQES_Q+1;PVB;ES;01/07/2025;30/09/2025;36.08;
07/04/2025;GYES_Y+1;PVB;ES;01/01/2026;31/12/2026;32.4;
06/04/2025;GDAES_D+1;PVB;ES;07/04/2025;07/04/2025;35.07;
05/04/2025;GDAES_D+1;PVB;ES;06/04/2025;06/04/2025;35.54;
04/04/2025;GDAES_D+1;PVB;ES;05/04/2025;05/04/2025;35.07;
04/04/2025;GMAES;PVB;ES;01/05/2025;31/05/2025;35.13;
04/04/2025;GQES_Q+1;PVB;ES;01/07/2025;30/09/2025;36.28;
04/04/2025;GYES_Y+1;PVB;ES;01/01/2026;31/12/2026;32.58;
03/04/2025;GDAES_D+1;PVB;ES;04/04/2025;04/04/2025;37.61;
03/04/2025;GMAES;PVB;ES;01/05/2025;31/05/2025;37.98;
03/04/2025;GQES_Q+1;PVB;ES;01/07/2025;30/09/2025;39.18;
03/04/2025;GYES_Y+1;PVB;ES;01/01/2026;31/12/2026;34.33;
02/04/2025;GDAES_D+1;PVB;ES;03/04/2025;03/04/2025;39.69;
02/04/2025;GMAES;PVB;ES;01/05/2025;31/05/2025;39.64;
02/04/2025;GQES_Q+1;PVB;ES;01/07/2025;30/09/2025;40.98;
02/04/2025;GYES_Y+1;PVB;ES;01/01/2026;31/12/2026;35.75;
01/04/2025;GDAES_D+1;PVB;ES;02/04/2025;02/04/2025;40.37;
01/04/2025;GMAES;PVB;ES;01/05/2025;31/05/2025;40.83;
01/04/2025;GQES_Q+1;PVB;ES;01/07/2025;30/09/2025;42.18;
01/04/2025;GYES_Y+1;PVB;ES;01/01/2026;31/12/2026;36.13;
31/03/2025;GDAES_D+1;PVB;ES;01/04/2025;01/04/2025;39.37;
31/03/2025;GMAES;PVB;ES;01/04/2025;30/04/2025;39.2;
31/03/2025;GYES_Y+1;PVB;ES;01/01/2026;31/12/2026;35.18;
30/03/2025;GDAES_D+1;PVB;ES;31/03/2025;31/03/2025;39.07;
29/03/2025;GDAES_D+1;PVB;ES;30/03/2025;30/03/2025;38.83;
28/03/2025;GDAES_D+1;PVB;ES;29/03/2025;29/03/2025;39.53;
28/03/2025;GMAES;PVB;ES;01/04/2025;30/04/2025;39.3;
28/03/2025;GQES_Q+1;PVB;ES;01/04/2025;30/06/2025;39.5;
28/03/2025;GYES_Y+1;PVB;ES;01/01/2026;31/12/2026;34.3;
27/03/2025;GDAES_D+1;PVB;ES;28/03/2025;28/03/2025;40.04;
27/03/2025;GMAES;PVB;ES;01/04/2025;30/04/2025;40.08;
27/03/2025;GQES_Q+1;PVB;ES;01/04/2025;30/06/2025;40.28;
27/03/2025;GYES_Y+1;PVB;ES;01/01/2026;31/12/2026;34.73;
26/03/2025;GDAES_D+1;PVB;ES;27/03/2025;27/03/2025;39.72;
26/03/2025;GMAES;PVB;ES;01/04/2025;30/04/2025;39.52;
26/03/2025;GQES_Q+1;PVB;ES;01/04/2025;30/06/2025;39.78;
26/03/2025;GYES_Y+1;PVB;ES;01/01/2026;31/12/2026;34.43;
25/03/2025;GDAES_D+1;PVB;ES;26/03/2025;26/03/2025;40.37;
25/03/2025;GMAES;PVB;ES;01/04/2025;30/04/2025;40.45;
25/03/2025;GQES_Q+1;PVB;ES;01/04/2025;30/06/2025;40.43;
25/03/2025;GYES_Y+1;PVB;ES;01/01/2026;31/12/2026;34.33;
24/03/2025;GDAES_D+1;PVB;ES;25/03/2025;25/03/2025;41.58;
24/03/2025;GMAES;PVB;ES;01/04/2025;30/04/2025;41.33;
24/03/2025;GQES_Q+1;PVB;ES;01/04/2025;30/06/2025;41.63;
24/03/2025;GYES_Y+1;PVB;ES;01/01/2026;31/12/2026;35.38;
23/03/2025;GDAES_D+1;PVB;ES;24/03/2025;24/03/2025;41.7;
22/03/2025;GDAES_D+1;PVB;ES;23/03/2025;23/03/2025;41.54;
21/03/2025;GDAES_D+1;PVB;ES;22/03/2025;22/03/2025;41.82;
21/03/2025;GMAES;PVB;ES;01/04/2025;30/04/2025;41.18;
21/03/2025;GQES_Q+1;PVB;ES;01/04/2025;30/06/2025;41.43;
21/03/2025;GYES_Y+1;PVB;ES;01/01/2026;31/12/2026;34.98;
20/03/2025;GDAES_D+1;PVB;ES;21/03/2025;21/03/2025;41.89;
20/03/2025;GMAES;PVB;ES;01/04/2025;30/04/2025;41.38;
20/03/2025;GQES_Q+1;PVB;ES;01/04/2025;30/06/2025;41.68;
20/03/2025;GYES_Y+1;PVB;ES;01/01/2026;31/12/2026;34.68;
19/03/2025;GDAES_D+1;PVB;ES;20/03/2025;20/03/2025;42.5;
19/03/2025;GMAES;PVB;ES;01/04/2025;30/04/2025;42.15;
19/03/2025;GQES_Q+1;PVB;ES;01/04/2025;30/06/2025;42.38;
19/03/2025;GYES_Y+1;PVB;ES;01/01/2026;31/12/2026;34.73;
18/03/2025;GDAES_D+1;PVB;ES;19/03/2025;19/03/2025;40.22;
18/03/2025;GMAES;PVB;ES;01/04/2025;30/04/2025;39.74;
18/03/2025;GQES_Q+1;PVB;ES;01/04/2025;30/06/2025;39.63;
18/03/2025;GYES_Y+1;PVB;ES;01/01/2026;31/12/2026;32.73;
17/03/2025;GDAES_D+1;PVB;ES;18/03/2025;18/03/2025;41.09;
17/03/2025;GMAES;PVB;ES;01/04/2025;30/04/2025;40.28;
17/03/2025;GQES_Q+1;PVB;ES;01/04/2025;30/06/2025;40.46;
17/03/2025;GYES_Y+1;PVB;ES;01/01/2026;31/12/2026;33.13;
